"Message",Low,"Kompilacja rozpoczęła się."
"Message",Low,"Projekt „Unnamed_1” (domyślne elementy docelowe):"
"Message",Low,"Kompilowanie przy użyciu wersji narzędzi „4.0”."
"Message",Low,"Element docelowy „PrintILCStartMessage” w pliku „C:\Program Files\MSBuild\Microsoft\.NetNative\x86\ilc\IlcInternals.targets” z projektu „C:\Users\bartl_000\Documents\GitHub\STC\Unnamed_1” (zależy od niego element docelowy „Build”):"
"Message",Low,"Używanie zadania „IlcMessageTask” z zestawu „C:\Program Files\MSBuild\Microsoft\.NetNative\x86\ilc\ilc.exe”."
"Message",Low,"Zadanie „IlcMessageTask”"
"Message",High,"Starting .NET Native compilation"
"Message",Low,"Wykonywanie zadania „IlcMessageTask” zakończone."
"Message",Low,"Wykonano kompilowanie elementu docelowego „PrintILCStartMessage” w projekcie „Unnamed_1”."
"Message",Low,"Element docelowy „RunGatekeeper” w pliku „C:\Program Files\MSBuild\Microsoft\.NetNative\x86\ilc\IlcInternals.targets” z projektu „C:\Users\bartl_000\Documents\GitHub\STC\Unnamed_1” (zależy od niego element docelowy „Build”):"
"Message",Low,"Używanie zadania „WriteLinesToFile” z zestawu „Microsoft.Build.Tasks.v4.0, Version=4.0.0.0, Culture=neutral, PublicKeyToken=b03f5f7f11d50a3a”."
"Message",Low,"Zadanie „WriteLinesToFile”"
"Message",Low,"Wykonywanie zadania „WriteLinesToFile” zakończone."
"Message",Low,"Używanie zadania „StartProcessTask” z zestawu „Microsoft.Build.ILTasks”."
"Message",Low,"Zadanie „StartProcessTask”"
"Message",Normal,"Launching 'C:\Program Files\MSBuild\Microsoft\.NetNative\x86\ilc\tools\Gatekeeper.exe @""C:\Users\bartl_000\Documents\GitHub\STC\obj\x86\Release\ilc\intermediate\gkargs.rsp""'"
"Message",Low,"Microsoft (R) .NET Native Gatekeeper Version 1.0.24208.01 "
"Message",Low,"Copyright (C) Microsoft Corporation.  All rights reserved. "
"Message",Low," "
"Message",Low,"Checking assembly 'C:\Users\bartl_000\Documents\GitHub\STC\obj\x86\Release\ilc\in\Microsoft.AspNetCore.Hosting.Abstractions.dll'. "
"Message",Low,"Checking assembly 'C:\Users\bartl_000\Documents\GitHub\STC\obj\x86\Release\ilc\in\Microsoft.AspNetCore.Hosting.Server.Abstractions.dll'. "
"Message",Low,"Checking assembly 'C:\Users\bartl_000\Documents\GitHub\STC\obj\x86\Release\ilc\in\Microsoft.AspNetCore.Http.Abstractions.dll'. "
"Message",Low,"Checking assembly 'C:\Users\bartl_000\Documents\GitHub\STC\obj\x86\Release\ilc\in\Microsoft.AspNetCore.Http.Features.dll'. "
"Message",Low,"Checking assembly 'C:\Users\bartl_000\Documents\GitHub\STC\obj\x86\Release\ilc\in\Microsoft.Data.Sqlite.dll'. "
"Message",Low,"Checking assembly 'C:\Users\bartl_000\Documents\GitHub\STC\obj\x86\Release\ilc\in\Microsoft.EntityFrameworkCore.Design.dll'. "
"Message",Low,"Checking assembly 'C:\Users\bartl_000\Documents\GitHub\STC\obj\x86\Release\ilc\in\Microsoft.EntityFrameworkCore.dll'. "
"Message",Low,"Checking assembly 'C:\Users\bartl_000\Documents\GitHub\STC\obj\x86\Release\ilc\in\Microsoft.EntityFrameworkCore.Relational.Design.dll'. "
"Message",Low,"Checking assembly 'C:\Users\bartl_000\Documents\GitHub\STC\obj\x86\Release\ilc\in\Microsoft.EntityFrameworkCore.Relational.dll'. "
"Message",Low,"Checking assembly 'C:\Users\bartl_000\Documents\GitHub\STC\obj\x86\Release\ilc\in\Microsoft.EntityFrameworkCore.Sqlite.dll'. "
"Message",Low,"Checking assembly 'C:\Users\bartl_000\Documents\GitHub\STC\obj\x86\Release\ilc\in\Microsoft.Extensions.Caching.Abstractions.dll'. "
"Message",Low,"Checking assembly 'C:\Users\bartl_000\Documents\GitHub\STC\obj\x86\Release\ilc\in\Microsoft.Extensions.Caching.Memory.dll'. "
"Message",Low,"Checking assembly 'C:\Users\bartl_000\Documents\GitHub\STC\obj\x86\Release\ilc\in\Microsoft.Extensions.Configuration.Abstractions.dll'. "
"Message",Low,"Checking assembly 'C:\Users\bartl_000\Documents\GitHub\STC\obj\x86\Release\ilc\in\Microsoft.Extensions.DependencyInjection.Abstractions.dll'. "
"Message",Low,"Checking assembly 'C:\Users\bartl_000\Documents\GitHub\STC\obj\x86\Release\ilc\in\Microsoft.Extensions.DependencyInjection.dll'. "
"Message",Low,"Checking assembly 'C:\Users\bartl_000\Documents\GitHub\STC\obj\x86\Release\ilc\in\Microsoft.Extensions.FileProviders.Abstractions.dll'. "
"Message",Low,"Checking assembly 'C:\Users\bartl_000\Documents\GitHub\STC\obj\x86\Release\ilc\in\Microsoft.Extensions.Logging.Abstractions.dll'. "
"Message",Low,"Checking assembly 'C:\Users\bartl_000\Documents\GitHub\STC\obj\x86\Release\ilc\in\Microsoft.Extensions.Logging.dll'. "
"Message",Low,"Checking assembly 'C:\Users\bartl_000\Documents\GitHub\STC\obj\x86\Release\ilc\in\Microsoft.Extensions.Options.dll'. "
"Message",Low,"Checking assembly 'C:\Users\bartl_000\Documents\GitHub\STC\obj\x86\Release\ilc\in\Microsoft.Extensions.Primitives.dll'. "
"Message",Low,"Checking assembly 'C:\Users\bartl_000\Documents\GitHub\STC\obj\x86\Release\ilc\in\Remotion.Linq.dll'. "
"Message",Low,"Checking assembly 'C:\Users\bartl_000\Documents\GitHub\STC\obj\x86\Release\ilc\in\STC.exe'. "
"Message",Low,"Checking assembly 'C:\Users\bartl_000\Documents\GitHub\STC\obj\x86\Release\ilc\in\System.Interactive.Async.dll'. "
"Message",Normal,"'C:\Program Files\MSBuild\Microsoft\.NetNative\x86\ilc\tools\Gatekeeper.exe @""C:\Users\bartl_000\Documents\GitHub\STC\obj\x86\Release\ilc\intermediate\gkargs.rsp""' completed."
"Message",Normal,"Process execution statistics (all times in milliseconds)"
"Message",Normal,"-----------------------------------------------------------------------------"
"Message",Normal,"launch  |  start   |   stop   |   end    | duration | lifetime | [slot] name"
"Message",Normal,"-----------------------------------------------------------------------------"
"Message",Normal,"       0 |      641 |     4891 |     4891 |     4250 |     4891 | [0] Gatekeeper"
"Message",Normal,"Number of commands:      1"
"Message",Normal,"Total system time:       4891 ms"
"Message",Normal,"System time per command: 4891 ms"
"Message",Normal,"Total duration:          4250 ms"
"Message",Normal,"Total lifetime:          4891 ms"
"Message",Normal,"Requested DOP:           2"
"Message",Normal,"Duration DOP:            0,9"
"Message",Normal,"Lifetime DOP:            1,0"
"Message",Low,"Wykonywanie zadania „StartProcessTask” zakończone."
"Message",Low,"Wykonano kompilowanie elementu docelowego „RunGatekeeper” w projekcie „Unnamed_1”."
"Message",Low,"Element docelowy „LogAppContextSwitches” w pliku „C:\Program Files\MSBuild\Microsoft\.NetNative\x86\ilc\IlcInternals.targets” z projektu „C:\Users\bartl_000\Documents\GitHub\STC\Unnamed_1” (zależy od niego element docelowy „SetMainTargetPaths”):"
"Message",Low,"Używanie zadania „Message” z zestawu „Microsoft.Build.Tasks.v4.0, Version=4.0.0.0, Culture=neutral, PublicKeyToken=b03f5f7f11d50a3a”."
"Message",Low,"Zadanie „Message”"
"Message",Normal,"AppContextSwitch: ''"
"Message",Low,"Wykonywanie zadania „Message” zakończone."
"Message",Low,"Wykonano kompilowanie elementu docelowego „LogAppContextSwitches” w projekcie „Unnamed_1”."
"Message",Low,"Element docelowy „SetMainTargetPaths” w pliku „C:\Program Files\MSBuild\Microsoft\.NetNative\x86\ilc\IlcInternals.targets” z projektu „C:\Users\bartl_000\Documents\GitHub\STC\Unnamed_1” (zależy od niego element docelowy „CopyNativeExecutablesToOutput”):"
"Message",Low,"Wykonano kompilowanie elementu docelowego „SetMainTargetPaths” w projekcie „Unnamed_1”."
"Message",Low,"Pominięto element docelowy „GenerateFakeExe” z powodu fałszywego warunku; (!Exists('@(InputILTarget)')) oszacowano jako (!Exists('C:\Users\bartl_000\Documents\GitHub\STC\obj\x86\Release\ilc\in\STC.exe'))."
"Message",Low,"Pominięto element docelowy „InjectCoreLibTypeForwards” z powodu fałszywego warunku; ('$(UseSharedAssemblies)' != 'true') oszacowano jako ('true' != 'true')."
"Message",Low,"Element docelowy „InjectWindowsRuntimeTypeForwards” w pliku „C:\Program Files\MSBuild\Microsoft\.NetNative\x86\ilc\IlcInternals.targets” z projektu „C:\Users\bartl_000\Documents\GitHub\STC\Unnamed_1” (zależy od niego element docelowy „RunILTransforms”):"
"Message",Low,"Używanie zadania „MakeDir” z zestawu „Microsoft.Build.Tasks.v4.0, Version=4.0.0.0, Culture=neutral, PublicKeyToken=b03f5f7f11d50a3a”."
"Message",Low,"Zadanie „MakeDir”"
"Message",Normal,"Tworzenie katalogu „C:\Users\bartl_000\Documents\GitHub\STC\obj\x86\Release\ilc\intermediate\TransformedSRWR\”."
"Message",Low,"Wykonywanie zadania „MakeDir” zakończone."
"Message",Low,"Używanie zadania „ILTransformTask” z zestawu „Microsoft.Build.ILTasks”."
"Message",Low,"Zadanie „ILTransformTask”"
"Message",Normal,"Running 'InjectWindowsRuntimeTypeForwards' transform, heap at 9 MB."
"Message",Normal,"Running 'WriteAssemblies' transform, heap at 16 MB."
"Message",Normal,""
"Message",Normal,"Transform summary"
"Message",Normal,"    ms | heap delta | name"
"Message",Normal,"  1074 |          7 | InjectWindowsRuntimeTypeForwards"
"Message",Normal,"   382 |          1 | WriteAssemblies"
"Message",Low,"Wykonywanie zadania „ILTransformTask” zakończone."
"Message",Low,"Wykonano kompilowanie elementu docelowego „InjectWindowsRuntimeTypeForwards” w projekcie „Unnamed_1”."
"Message",Low,"Pominięto element docelowy „InjectCoreLibTypeForwards” z powodu fałszywego warunku; ('$(UseSharedAssemblies)' != 'true') oszacowano jako ('true' != 'true')."
"Message",Low,"Element docelowy „PreResolveTransforms” w pliku „C:\Program Files\MSBuild\Microsoft\.NetNative\x86\ilc\IlcInternals.targets” z projektu „C:\Users\bartl_000\Documents\GitHub\STC\Unnamed_1” (zależy od niego element docelowy „RunILTransforms”):"
"Message",Low,"Ukończono kompilowanie elementu docelowego „PreResolveTransforms”."
"Message",Low,"Plik wyjściowy „C:\Users\bartl_000\Documents\GitHub\STC\obj\x86\Release\ilc\intermediate\PreMergeILTransformed\STC.exe” nie istnieje."
"Message",Low,"Zadanie „MakeDir”"
"Message",Normal,"Tworzenie katalogu „C:\Users\bartl_000\Documents\GitHub\STC\obj\x86\Release\ilc\intermediate\PreMergeILTransformed\”."
"Message",Low,"Wykonywanie zadania „MakeDir” zakończone."
"Message",Low,"Zadanie „Message”"
"Message",Normal,"Running AssemblyClosureTask in PreResolveTransforms"
"Message",Low,"Wykonywanie zadania „Message” zakończone."
"Message",Low,"Używanie zadania „AssemblyClosureTask” z zestawu „Microsoft.Build.ILTasks”."
"Message",Low,"Zadanie „AssemblyClosureTask”"
"Message",Low,"Wykonywanie zadania „AssemblyClosureTask” zakończone."
"Message",Low,"Pominięto zadanie „ILTransformTask” z powodu fałszywego warunku; ('@(PreResolveTransforms)' != '') oszacowano jako ('' != '')."
"Message",Low,"Używanie zadania „Copy” z zestawu „Microsoft.Build.Tasks.v4.0, Version=4.0.0.0, Culture=neutral, PublicKeyToken=b03f5f7f11d50a3a”."
"Message",Low,"Zadanie „Copy”"
"Message",Normal,"Kopiowanie pliku z „C:\Users\bartl_000\Documents\GitHub\STC\obj\x86\Release\ilc\in\STC.pdb” do „C:\Users\bartl_000\Documents\GitHub\STC\obj\x86\Release\ilc\intermediate\PreMergeILTransformed\STC.pdb”."
"Message",Low,"Wykonywanie zadania „Copy” zakończone."
"Message",Low,"Zadanie „Copy”"
"Message",Normal,"Kopiowanie pliku z „C:\Users\bartl_000\Documents\GitHub\STC\obj\x86\Release\ilc\in\STC.exe” do „C:\Users\bartl_000\Documents\GitHub\STC\obj\x86\Release\ilc\intermediate\PreMergeILTransformed\STC.exe”."
"Message",Low,"Wykonywanie zadania „Copy” zakończone."
"Message",Low,"Pominięto zadanie „Copy” z powodu fałszywego warunku; ('$(HasMcgPatchDlls)'=='true') oszacowano jako (''=='true')."
"Message",Low,"Wykonano kompilowanie elementu docelowego „PreResolveTransforms” w projekcie „Unnamed_1”."
"Message",Low,"Element docelowy „InitInputResourceName” w pliku „C:\Program Files\MSBuild\Microsoft\.NetNative\x86\ilc\IlcInternals.targets” z projektu „C:\Users\bartl_000\Documents\GitHub\STC\Unnamed_1” (zależy od niego element docelowy „RunILTransforms”):"
"Message",Low,"Pominięto zadanie „ResolveFilePathTask” z powodu fałszywego warunku; ('$(InputPath)' != '' and Exists('$(InputPath)\obj\')) oszacowano jako ('C:\Users\bartl_000\Documents\GitHub\STC\obj\x86\Release\ilc\in' != '' and Exists('C:\Users\bartl_000\Documents\GitHub\STC\obj\x86\Release\ilc\in\obj\'))."
"Message",Low,"Używanie zadania „ResolveFilePathTask” z zestawu „Microsoft.Build.ILTasks”."
"Message",Low,"Zadanie „ResolveFilePathTask”"
"Message",Low,"Wykonywanie zadania „ResolveFilePathTask” zakończone."
"Message",Low,"Wykonano kompilowanie elementu docelowego „InitInputResourceName” w projekcie „Unnamed_1”."
"Message",Low,"Pominięto element docelowy „PreResolveTransforms”. Wcześniejsza kompilacja powiodła się."
"Message",Low,"Element docelowy „SetForSharedInputs” w pliku „C:\Program Files\MSBuild\Microsoft\.NetNative\x86\ilc\IlcInternals.targets” z projektu „C:\Users\bartl_000\Documents\GitHub\STC\Unnamed_1” (zależy od niego element docelowy „ResolveInitialReferences”):"
"Message",Low,"Ukończono kompilowanie elementu docelowego „SetForSharedInputs”."
"Message",Low,"Nie określono plików wejściowych."
"Message",Low,"Pominięto zadanie „IlcErrorTask” z powodu fałszywego warunku; (!Exists('$(InputSharedAssemblyListPath)')) oszacowano jako (!Exists('C:\Program Files\Microsoft SDKs\Windows Kits\10\ExtensionSDKs\Microsoft.NET.Native.Framework.1.3\1.3\x86\ret\SharedAssemblyList.txt'))."
"Message",Low,"Używanie zadania „ReadLinesFromFile” z zestawu „Microsoft.Build.Tasks.v4.0, Version=4.0.0.0, Culture=neutral, PublicKeyToken=b03f5f7f11d50a3a”."
"Message",Low,"Zadanie „ReadLinesFromFile”"
"Message",Low,"Wykonywanie zadania „ReadLinesFromFile” zakończone."
"Message",Low,"Pominięto zadanie „IlcErrorTask” z powodu fałszywego warunku; (!Exists('$(InputSharedAssemblyPath)\%(SharedLibraryContent.Identity)')) oszacowano jako (!Exists('C:\Program Files\Microsoft SDKs\Windows Kits\10\ExtensionSDKs\Microsoft.NET.Native.Framework.1.3\1.3\x86\ret\SharedAssemblyILMergeInfo.csv'))."
"Message",Low,"Pominięto zadanie „IlcErrorTask” z powodu fałszywego warunku; (!Exists('$(InputSharedAssemblyPath)\%(SharedLibraryContent.Identity)')) oszacowano jako (!Exists('C:\Program Files\Microsoft SDKs\Windows Kits\10\ExtensionSDKs\Microsoft.NET.Native.Framework.1.3\1.3\x86\ret\SharedLibrary.iltransformtoc.ildll'))."
"Message",Low,"Pominięto zadanie „IlcErrorTask” z powodu fałszywego warunku; (!Exists('$(InputSharedAssemblyPath)\%(SharedLibraryContent.Identity)')) oszacowano jako (!Exists('C:\Program Files\Microsoft SDKs\Windows Kits\10\ExtensionSDKs\Microsoft.NET.Native.Framework.1.3\1.3\x86\ret\AnalysisILToc\System.Collections.iltoc'))."
"Message",Low,"Pominięto zadanie „IlcErrorTask” z powodu fałszywego warunku; (!Exists('$(InputSharedAssemblyPath)\%(SharedLibraryContent.Identity)')) oszacowano jako (!Exists('C:\Program Files\Microsoft SDKs\Windows Kits\10\ExtensionSDKs\Microsoft.NET.Native.Framework.1.3\1.3\x86\ret\AnalysisILToc\System.Collections.Concurrent.iltoc'))."
"Message",Low,"Pominięto zadanie „IlcErrorTask” z powodu fałszywego warunku; (!Exists('$(InputSharedAssemblyPath)\%(SharedLibraryContent.Identity)')) oszacowano jako (!Exists('C:\Program Files\Microsoft SDKs\Windows Kits\10\ExtensionSDKs\Microsoft.NET.Native.Framework.1.3\1.3\x86\ret\AnalysisILToc\System.Diagnostics.Tracing.iltoc'))."
"Message",Low,"Pominięto zadanie „IlcErrorTask” z powodu fałszywego warunku; (!Exists('$(InputSharedAssemblyPath)\%(SharedLibraryContent.Identity)')) oszacowano jako (!Exists('C:\Program Files\Microsoft SDKs\Windows Kits\10\ExtensionSDKs\Microsoft.NET.Native.Framework.1.3\1.3\x86\ret\AnalysisILToc\System.Dynamic.Runtime.iltoc'))."
"Message",Low,"Pominięto zadanie „IlcErrorTask” z powodu fałszywego warunku; (!Exists('$(InputSharedAssemblyPath)\%(SharedLibraryContent.Identity)')) oszacowano jako (!Exists('C:\Program Files\Microsoft SDKs\Windows Kits\10\ExtensionSDKs\Microsoft.NET.Native.Framework.1.3\1.3\x86\ret\AnalysisILToc\System.IO.iltoc'))."
"Message",Low,"Pominięto zadanie „IlcErrorTask” z powodu fałszywego warunku; (!Exists('$(InputSharedAssemblyPath)\%(SharedLibraryContent.Identity)')) oszacowano jako (!Exists('C:\Program Files\Microsoft SDKs\Windows Kits\10\ExtensionSDKs\Microsoft.NET.Native.Framework.1.3\1.3\x86\ret\AnalysisILToc\System.Linq.iltoc'))."
"Message",Low,"Pominięto zadanie „IlcErrorTask” z powodu fałszywego warunku; (!Exists('$(InputSharedAssemblyPath)\%(SharedLibraryContent.Identity)')) oszacowano jako (!Exists('C:\Program Files\Microsoft SDKs\Windows Kits\10\ExtensionSDKs\Microsoft.NET.Native.Framework.1.3\1.3\x86\ret\AnalysisILToc\System.Linq.Expressions.iltoc'))."
"Message",Low,"Pominięto zadanie „IlcErrorTask” z powodu fałszywego warunku; (!Exists('$(InputSharedAssemblyPath)\%(SharedLibraryContent.Identity)')) oszacowano jako (!Exists('C:\Program Files\Microsoft SDKs\Windows Kits\10\ExtensionSDKs\Microsoft.NET.Native.Framework.1.3\1.3\x86\ret\AnalysisILToc\System.ObjectModel.iltoc'))."
"Message",Low,"Pominięto zadanie „IlcErrorTask” z powodu fałszywego warunku; (!Exists('$(InputSharedAssemblyPath)\%(SharedLibraryContent.Identity)')) oszacowano jako (!Exists('C:\Program Files\Microsoft SDKs\Windows Kits\10\ExtensionSDKs\Microsoft.NET.Native.Framework.1.3\1.3\x86\ret\AnalysisILToc\System.Private.CoreLib.iltoc'))."
"Message",Low,"Pominięto zadanie „IlcErrorTask” z powodu fałszywego warunku; (!Exists('$(InputSharedAssemblyPath)\%(SharedLibraryContent.Identity)')) oszacowano jako (!Exists('C:\Program Files\Microsoft SDKs\Windows Kits\10\ExtensionSDKs\Microsoft.NET.Native.Framework.1.3\1.3\x86\ret\AnalysisILToc\System.Private.Interop.iltoc'))."
"Message",Low,"Pominięto zadanie „IlcErrorTask” z powodu fałszywego warunku; (!Exists('$(InputSharedAssemblyPath)\%(SharedLibraryContent.Identity)')) oszacowano jako (!Exists('C:\Program Files\Microsoft SDKs\Windows Kits\10\ExtensionSDKs\Microsoft.NET.Native.Framework.1.3\1.3\x86\ret\AnalysisILToc\System.Private.Reflection.iltoc'))."
"Message",Low,"Pominięto zadanie „IlcErrorTask” z powodu fałszywego warunku; (!Exists('$(InputSharedAssemblyPath)\%(SharedLibraryContent.Identity)')) oszacowano jako (!Exists('C:\Program Files\Microsoft SDKs\Windows Kits\10\ExtensionSDKs\Microsoft.NET.Native.Framework.1.3\1.3\x86\ret\AnalysisILToc\System.Private.Reflection.Core.iltoc'))."
"Message",Low,"Pominięto zadanie „IlcErrorTask” z powodu fałszywego warunku; (!Exists('$(InputSharedAssemblyPath)\%(SharedLibraryContent.Identity)')) oszacowano jako (!Exists('C:\Program Files\Microsoft SDKs\Windows Kits\10\ExtensionSDKs\Microsoft.NET.Native.Framework.1.3\1.3\x86\ret\AnalysisILToc\System.Private.Reflection.Execution.iltoc'))."
"Message",Low,"Pominięto zadanie „IlcErrorTask” z powodu fałszywego warunku; (!Exists('$(InputSharedAssemblyPath)\%(SharedLibraryContent.Identity)')) oszacowano jako (!Exists('C:\Program Files\Microsoft SDKs\Windows Kits\10\ExtensionSDKs\Microsoft.NET.Native.Framework.1.3\1.3\x86\ret\AnalysisILToc\System.Private.Reflection.Metadata.iltoc'))."
"Message",Low,"Pominięto zadanie „IlcErrorTask” z powodu fałszywego warunku; (!Exists('$(InputSharedAssemblyPath)\%(SharedLibraryContent.Identity)')) oszacowano jako (!Exists('C:\Program Files\Microsoft SDKs\Windows Kits\10\ExtensionSDKs\Microsoft.NET.Native.Framework.1.3\1.3\x86\ret\AnalysisILToc\System.Private.Threading.iltoc'))."
"Message",Low,"Pominięto zadanie „IlcErrorTask” z powodu fałszywego warunku; (!Exists('$(InputSharedAssemblyPath)\%(SharedLibraryContent.Identity)')) oszacowano jako (!Exists('C:\Program Files\Microsoft SDKs\Windows Kits\10\ExtensionSDKs\Microsoft.NET.Native.Framework.1.3\1.3\x86\ret\AnalysisILToc\System.Private.TypeLoader.iltoc'))."
"Message",Low,"Pominięto zadanie „IlcErrorTask” z powodu fałszywego warunku; (!Exists('$(InputSharedAssemblyPath)\%(SharedLibraryContent.Identity)')) oszacowano jako (!Exists('C:\Program Files\Microsoft SDKs\Windows Kits\10\ExtensionSDKs\Microsoft.NET.Native.Framework.1.3\1.3\x86\ret\AnalysisILToc\System.Private.Uri.iltoc'))."
"Message",Low,"Pominięto zadanie „IlcErrorTask” z powodu fałszywego warunku; (!Exists('$(InputSharedAssemblyPath)\%(SharedLibraryContent.Identity)')) oszacowano jako (!Exists('C:\Program Files\Microsoft SDKs\Windows Kits\10\ExtensionSDKs\Microsoft.NET.Native.Framework.1.3\1.3\x86\ret\AnalysisILToc\System.Reflection.Extensions.iltoc'))."
"Message",Low,"Pominięto zadanie „IlcErrorTask” z powodu fałszywego warunku; (!Exists('$(InputSharedAssemblyPath)\%(SharedLibraryContent.Identity)')) oszacowano jako (!Exists('C:\Program Files\Microsoft SDKs\Windows Kits\10\ExtensionSDKs\Microsoft.NET.Native.Framework.1.3\1.3\x86\ret\AnalysisILToc\System.Reflection.Primitives.iltoc'))."
"Message",Low,"Pominięto zadanie „IlcErrorTask” z powodu fałszywego warunku; (!Exists('$(InputSharedAssemblyPath)\%(SharedLibraryContent.Identity)')) oszacowano jako (!Exists('C:\Program Files\Microsoft SDKs\Windows Kits\10\ExtensionSDKs\Microsoft.NET.Native.Framework.1.3\1.3\x86\ret\AnalysisILToc\System.Reflection.TypeExtensions.iltoc'))."
"Message",Low,"Pominięto zadanie „IlcErrorTask” z powodu fałszywego warunku; (!Exists('$(InputSharedAssemblyPath)\%(SharedLibraryContent.Identity)')) oszacowano jako (!Exists('C:\Program Files\Microsoft SDKs\Windows Kits\10\ExtensionSDKs\Microsoft.NET.Native.Framework.1.3\1.3\x86\ret\AnalysisILToc\System.Resources.ResourceManager.iltoc'))."
"Message",Low,"Pominięto zadanie „IlcErrorTask” z powodu fałszywego warunku; (!Exists('$(InputSharedAssemblyPath)\%(SharedLibraryContent.Identity)')) oszacowano jako (!Exists('C:\Program Files\Microsoft SDKs\Windows Kits\10\ExtensionSDKs\Microsoft.NET.Native.Framework.1.3\1.3\x86\ret\AnalysisILToc\System.Runtime.Extensions.iltoc'))."
"Message",Low,"Pominięto zadanie „IlcErrorTask” z powodu fałszywego warunku; (!Exists('$(InputSharedAssemblyPath)\%(SharedLibraryContent.Identity)')) oszacowano jako (!Exists('C:\Program Files\Microsoft SDKs\Windows Kits\10\ExtensionSDKs\Microsoft.NET.Native.Framework.1.3\1.3\x86\ret\AnalysisILToc\System.Runtime.Implementation.iltoc'))."
"Message",Low,"Pominięto zadanie „IlcErrorTask” z powodu fałszywego warunku; (!Exists('$(InputSharedAssemblyPath)\%(SharedLibraryContent.Identity)')) oszacowano jako (!Exists('C:\Program Files\Microsoft SDKs\Windows Kits\10\ExtensionSDKs\Microsoft.NET.Native.Framework.1.3\1.3\x86\ret\AnalysisILToc\System.Text.RegularExpressions.iltoc'))."
"Message",Low,"Pominięto zadanie „IlcErrorTask” z powodu fałszywego warunku; (!Exists('$(InputSharedAssemblyPath)\%(SharedLibraryContent.Identity)')) oszacowano jako (!Exists('C:\Program Files\Microsoft SDKs\Windows Kits\10\ExtensionSDKs\Microsoft.NET.Native.Framework.1.3\1.3\x86\ret\AnalysisILToc\System.Private.SharedLibrary.Interop.Generated.iltoc'))."
"Message",Low,"Pominięto zadanie „IlcErrorTask” z powodu fałszywego warunku; (!Exists('$(InputSharedAssemblyPath)\%(SharedLibraryContent.Identity)')) oszacowano jako (!Exists('C:\Program Files\Microsoft SDKs\Windows Kits\10\ExtensionSDKs\Microsoft.NET.Native.Framework.1.3\1.3\x86\ret\AnalysisILToc\System.Collections.iltocpdb'))."
"Message",Low,"Pominięto zadanie „IlcErrorTask” z powodu fałszywego warunku; (!Exists('$(InputSharedAssemblyPath)\%(SharedLibraryContent.Identity)')) oszacowano jako (!Exists('C:\Program Files\Microsoft SDKs\Windows Kits\10\ExtensionSDKs\Microsoft.NET.Native.Framework.1.3\1.3\x86\ret\AnalysisILToc\System.Collections.Concurrent.iltocpdb'))."
"Message",Low,"Pominięto zadanie „IlcErrorTask” z powodu fałszywego warunku; (!Exists('$(InputSharedAssemblyPath)\%(SharedLibraryContent.Identity)')) oszacowano jako (!Exists('C:\Program Files\Microsoft SDKs\Windows Kits\10\ExtensionSDKs\Microsoft.NET.Native.Framework.1.3\1.3\x86\ret\AnalysisILToc\System.Diagnostics.Tracing.iltocpdb'))."
"Message",Low,"Pominięto zadanie „IlcErrorTask” z powodu fałszywego warunku; (!Exists('$(InputSharedAssemblyPath)\%(SharedLibraryContent.Identity)')) oszacowano jako (!Exists('C:\Program Files\Microsoft SDKs\Windows Kits\10\ExtensionSDKs\Microsoft.NET.Native.Framework.1.3\1.3\x86\ret\AnalysisILToc\System.Dynamic.Runtime.iltocpdb'))."
"Message",Low,"Pominięto zadanie „IlcErrorTask” z powodu fałszywego warunku; (!Exists('$(InputSharedAssemblyPath)\%(SharedLibraryContent.Identity)')) oszacowano jako (!Exists('C:\Program Files\Microsoft SDKs\Windows Kits\10\ExtensionSDKs\Microsoft.NET.Native.Framework.1.3\1.3\x86\ret\AnalysisILToc\System.IO.iltocpdb'))."
"Message",Low,"Pominięto zadanie „IlcErrorTask” z powodu fałszywego warunku; (!Exists('$(InputSharedAssemblyPath)\%(SharedLibraryContent.Identity)')) oszacowano jako (!Exists('C:\Program Files\Microsoft SDKs\Windows Kits\10\ExtensionSDKs\Microsoft.NET.Native.Framework.1.3\1.3\x86\ret\AnalysisILToc\System.Linq.iltocpdb'))."
"Message",Low,"Pominięto zadanie „IlcErrorTask” z powodu fałszywego warunku; (!Exists('$(InputSharedAssemblyPath)\%(SharedLibraryContent.Identity)')) oszacowano jako (!Exists('C:\Program Files\Microsoft SDKs\Windows Kits\10\ExtensionSDKs\Microsoft.NET.Native.Framework.1.3\1.3\x86\ret\AnalysisILToc\System.Linq.Expressions.iltocpdb'))."
"Message",Low,"Pominięto zadanie „IlcErrorTask” z powodu fałszywego warunku; (!Exists('$(InputSharedAssemblyPath)\%(SharedLibraryContent.Identity)')) oszacowano jako (!Exists('C:\Program Files\Microsoft SDKs\Windows Kits\10\ExtensionSDKs\Microsoft.NET.Native.Framework.1.3\1.3\x86\ret\AnalysisILToc\System.ObjectModel.iltocpdb'))."
"Message",Low,"Pominięto zadanie „IlcErrorTask” z powodu fałszywego warunku; (!Exists('$(InputSharedAssemblyPath)\%(SharedLibraryContent.Identity)')) oszacowano jako (!Exists('C:\Program Files\Microsoft SDKs\Windows Kits\10\ExtensionSDKs\Microsoft.NET.Native.Framework.1.3\1.3\x86\ret\AnalysisILToc\System.Private.CoreLib.iltocpdb'))."
"Message",Low,"Pominięto zadanie „IlcErrorTask” z powodu fałszywego warunku; (!Exists('$(InputSharedAssemblyPath)\%(SharedLibraryContent.Identity)')) oszacowano jako (!Exists('C:\Program Files\Microsoft SDKs\Windows Kits\10\ExtensionSDKs\Microsoft.NET.Native.Framework.1.3\1.3\x86\ret\AnalysisILToc\System.Private.Interop.iltocpdb'))."
"Message",Low,"Pominięto zadanie „IlcErrorTask” z powodu fałszywego warunku; (!Exists('$(InputSharedAssemblyPath)\%(SharedLibraryContent.Identity)')) oszacowano jako (!Exists('C:\Program Files\Microsoft SDKs\Windows Kits\10\ExtensionSDKs\Microsoft.NET.Native.Framework.1.3\1.3\x86\ret\AnalysisILToc\System.Private.Reflection.iltocpdb'))."
"Message",Low,"Pominięto zadanie „IlcErrorTask” z powodu fałszywego warunku; (!Exists('$(InputSharedAssemblyPath)\%(SharedLibraryContent.Identity)')) oszacowano jako (!Exists('C:\Program Files\Microsoft SDKs\Windows Kits\10\ExtensionSDKs\Microsoft.NET.Native.Framework.1.3\1.3\x86\ret\AnalysisILToc\System.Private.Reflection.Core.iltocpdb'))."
"Message",Low,"Pominięto zadanie „IlcErrorTask” z powodu fałszywego warunku; (!Exists('$(InputSharedAssemblyPath)\%(SharedLibraryContent.Identity)')) oszacowano jako (!Exists('C:\Program Files\Microsoft SDKs\Windows Kits\10\ExtensionSDKs\Microsoft.NET.Native.Framework.1.3\1.3\x86\ret\AnalysisILToc\System.Private.Reflection.Execution.iltocpdb'))."
"Message",Low,"Pominięto zadanie „IlcErrorTask” z powodu fałszywego warunku; (!Exists('$(InputSharedAssemblyPath)\%(SharedLibraryContent.Identity)')) oszacowano jako (!Exists('C:\Program Files\Microsoft SDKs\Windows Kits\10\ExtensionSDKs\Microsoft.NET.Native.Framework.1.3\1.3\x86\ret\AnalysisILToc\System.Private.Reflection.Metadata.iltocpdb'))."
"Message",Low,"Pominięto zadanie „IlcErrorTask” z powodu fałszywego warunku; (!Exists('$(InputSharedAssemblyPath)\%(SharedLibraryContent.Identity)')) oszacowano jako (!Exists('C:\Program Files\Microsoft SDKs\Windows Kits\10\ExtensionSDKs\Microsoft.NET.Native.Framework.1.3\1.3\x86\ret\AnalysisILToc\System.Private.Threading.iltocpdb'))."
"Message",Low,"Pominięto zadanie „IlcErrorTask” z powodu fałszywego warunku; (!Exists('$(InputSharedAssemblyPath)\%(SharedLibraryContent.Identity)')) oszacowano jako (!Exists('C:\Program Files\Microsoft SDKs\Windows Kits\10\ExtensionSDKs\Microsoft.NET.Native.Framework.1.3\1.3\x86\ret\AnalysisILToc\System.Private.TypeLoader.iltocpdb'))."
"Message",Low,"Pominięto zadanie „IlcErrorTask” z powodu fałszywego warunku; (!Exists('$(InputSharedAssemblyPath)\%(SharedLibraryContent.Identity)')) oszacowano jako (!Exists('C:\Program Files\Microsoft SDKs\Windows Kits\10\ExtensionSDKs\Microsoft.NET.Native.Framework.1.3\1.3\x86\ret\AnalysisILToc\System.Private.Uri.iltocpdb'))."
"Message",Low,"Pominięto zadanie „IlcErrorTask” z powodu fałszywego warunku; (!Exists('$(InputSharedAssemblyPath)\%(SharedLibraryContent.Identity)')) oszacowano jako (!Exists('C:\Program Files\Microsoft SDKs\Windows Kits\10\ExtensionSDKs\Microsoft.NET.Native.Framework.1.3\1.3\x86\ret\AnalysisILToc\System.Reflection.Extensions.iltocpdb'))."
"Message",Low,"Pominięto zadanie „IlcErrorTask” z powodu fałszywego warunku; (!Exists('$(InputSharedAssemblyPath)\%(SharedLibraryContent.Identity)')) oszacowano jako (!Exists('C:\Program Files\Microsoft SDKs\Windows Kits\10\ExtensionSDKs\Microsoft.NET.Native.Framework.1.3\1.3\x86\ret\AnalysisILToc\System.Reflection.Primitives.iltocpdb'))."
"Message",Low,"Pominięto zadanie „IlcErrorTask” z powodu fałszywego warunku; (!Exists('$(InputSharedAssemblyPath)\%(SharedLibraryContent.Identity)')) oszacowano jako (!Exists('C:\Program Files\Microsoft SDKs\Windows Kits\10\ExtensionSDKs\Microsoft.NET.Native.Framework.1.3\1.3\x86\ret\AnalysisILToc\System.Reflection.TypeExtensions.iltocpdb'))."
"Message",Low,"Pominięto zadanie „IlcErrorTask” z powodu fałszywego warunku; (!Exists('$(InputSharedAssemblyPath)\%(SharedLibraryContent.Identity)')) oszacowano jako (!Exists('C:\Program Files\Microsoft SDKs\Windows Kits\10\ExtensionSDKs\Microsoft.NET.Native.Framework.1.3\1.3\x86\ret\AnalysisILToc\System.Resources.ResourceManager.iltocpdb'))."
"Message",Low,"Pominięto zadanie „IlcErrorTask” z powodu fałszywego warunku; (!Exists('$(InputSharedAssemblyPath)\%(SharedLibraryContent.Identity)')) oszacowano jako (!Exists('C:\Program Files\Microsoft SDKs\Windows Kits\10\ExtensionSDKs\Microsoft.NET.Native.Framework.1.3\1.3\x86\ret\AnalysisILToc\System.Runtime.Extensions.iltocpdb'))."
"Message",Low,"Pominięto zadanie „IlcErrorTask” z powodu fałszywego warunku; (!Exists('$(InputSharedAssemblyPath)\%(SharedLibraryContent.Identity)')) oszacowano jako (!Exists('C:\Program Files\Microsoft SDKs\Windows Kits\10\ExtensionSDKs\Microsoft.NET.Native.Framework.1.3\1.3\x86\ret\AnalysisILToc\System.Runtime.Implementation.iltocpdb'))."
"Message",Low,"Pominięto zadanie „IlcErrorTask” z powodu fałszywego warunku; (!Exists('$(InputSharedAssemblyPath)\%(SharedLibraryContent.Identity)')) oszacowano jako (!Exists('C:\Program Files\Microsoft SDKs\Windows Kits\10\ExtensionSDKs\Microsoft.NET.Native.Framework.1.3\1.3\x86\ret\AnalysisILToc\System.Text.RegularExpressions.iltocpdb'))."
"Message",Low,"Pominięto zadanie „IlcErrorTask” z powodu fałszywego warunku; (!Exists('$(InputSharedAssemblyPath)\%(SharedLibraryContent.Identity)')) oszacowano jako (!Exists('C:\Program Files\Microsoft SDKs\Windows Kits\10\ExtensionSDKs\Microsoft.NET.Native.Framework.1.3\1.3\x86\ret\AnalysisILToc\System.Private.SharedLibrary.Interop.Generated.iltocpdb'))."
"Message",Low,"Pominięto zadanie „IlcErrorTask” z powodu fałszywego warunku; (!Exists('$(InputSharedAssemblyPath)\%(SharedLibraryContent.Identity)')) oszacowano jako (!Exists('C:\Program Files\Microsoft SDKs\Windows Kits\10\ExtensionSDKs\Microsoft.NET.Native.Framework.1.3\1.3\x86\ret\ILToc\System.Collections.iltoc'))."
"Message",Low,"Pominięto zadanie „IlcErrorTask” z powodu fałszywego warunku; (!Exists('$(InputSharedAssemblyPath)\%(SharedLibraryContent.Identity)')) oszacowano jako (!Exists('C:\Program Files\Microsoft SDKs\Windows Kits\10\ExtensionSDKs\Microsoft.NET.Native.Framework.1.3\1.3\x86\ret\ILToc\System.Collections.Concurrent.iltoc'))."
"Message",Low,"Pominięto zadanie „IlcErrorTask” z powodu fałszywego warunku; (!Exists('$(InputSharedAssemblyPath)\%(SharedLibraryContent.Identity)')) oszacowano jako (!Exists('C:\Program Files\Microsoft SDKs\Windows Kits\10\ExtensionSDKs\Microsoft.NET.Native.Framework.1.3\1.3\x86\ret\ILToc\System.Diagnostics.Tracing.iltoc'))."
"Message",Low,"Pominięto zadanie „IlcErrorTask” z powodu fałszywego warunku; (!Exists('$(InputSharedAssemblyPath)\%(SharedLibraryContent.Identity)')) oszacowano jako (!Exists('C:\Program Files\Microsoft SDKs\Windows Kits\10\ExtensionSDKs\Microsoft.NET.Native.Framework.1.3\1.3\x86\ret\ILToc\System.Dynamic.Runtime.iltoc'))."
"Message",Low,"Pominięto zadanie „IlcErrorTask” z powodu fałszywego warunku; (!Exists('$(InputSharedAssemblyPath)\%(SharedLibraryContent.Identity)')) oszacowano jako (!Exists('C:\Program Files\Microsoft SDKs\Windows Kits\10\ExtensionSDKs\Microsoft.NET.Native.Framework.1.3\1.3\x86\ret\ILToc\System.IO.iltoc'))."
"Message",Low,"Pominięto zadanie „IlcErrorTask” z powodu fałszywego warunku; (!Exists('$(InputSharedAssemblyPath)\%(SharedLibraryContent.Identity)')) oszacowano jako (!Exists('C:\Program Files\Microsoft SDKs\Windows Kits\10\ExtensionSDKs\Microsoft.NET.Native.Framework.1.3\1.3\x86\ret\ILToc\System.Linq.iltoc'))."
"Message",Low,"Pominięto zadanie „IlcErrorTask” z powodu fałszywego warunku; (!Exists('$(InputSharedAssemblyPath)\%(SharedLibraryContent.Identity)')) oszacowano jako (!Exists('C:\Program Files\Microsoft SDKs\Windows Kits\10\ExtensionSDKs\Microsoft.NET.Native.Framework.1.3\1.3\x86\ret\ILToc\System.Linq.Expressions.iltoc'))."
"Message",Low,"Pominięto zadanie „IlcErrorTask” z powodu fałszywego warunku; (!Exists('$(InputSharedAssemblyPath)\%(SharedLibraryContent.Identity)')) oszacowano jako (!Exists('C:\Program Files\Microsoft SDKs\Windows Kits\10\ExtensionSDKs\Microsoft.NET.Native.Framework.1.3\1.3\x86\ret\ILToc\System.ObjectModel.iltoc'))."
"Message",Low,"Pominięto zadanie „IlcErrorTask” z powodu fałszywego warunku; (!Exists('$(InputSharedAssemblyPath)\%(SharedLibraryContent.Identity)')) oszacowano jako (!Exists('C:\Program Files\Microsoft SDKs\Windows Kits\10\ExtensionSDKs\Microsoft.NET.Native.Framework.1.3\1.3\x86\ret\ILToc\System.Private.CoreLib.iltoc'))."
"Message",Low,"Pominięto zadanie „IlcErrorTask” z powodu fałszywego warunku; (!Exists('$(InputSharedAssemblyPath)\%(SharedLibraryContent.Identity)')) oszacowano jako (!Exists('C:\Program Files\Microsoft SDKs\Windows Kits\10\ExtensionSDKs\Microsoft.NET.Native.Framework.1.3\1.3\x86\ret\ILToc\System.Private.Interop.iltoc'))."
"Message",Low,"Pominięto zadanie „IlcErrorTask” z powodu fałszywego warunku; (!Exists('$(InputSharedAssemblyPath)\%(SharedLibraryContent.Identity)')) oszacowano jako (!Exists('C:\Program Files\Microsoft SDKs\Windows Kits\10\ExtensionSDKs\Microsoft.NET.Native.Framework.1.3\1.3\x86\ret\ILToc\System.Private.Reflection.iltoc'))."
"Message",Low,"Pominięto zadanie „IlcErrorTask” z powodu fałszywego warunku; (!Exists('$(InputSharedAssemblyPath)\%(SharedLibraryContent.Identity)')) oszacowano jako (!Exists('C:\Program Files\Microsoft SDKs\Windows Kits\10\ExtensionSDKs\Microsoft.NET.Native.Framework.1.3\1.3\x86\ret\ILToc\System.Private.Reflection.Core.iltoc'))."
"Message",Low,"Pominięto zadanie „IlcErrorTask” z powodu fałszywego warunku; (!Exists('$(InputSharedAssemblyPath)\%(SharedLibraryContent.Identity)')) oszacowano jako (!Exists('C:\Program Files\Microsoft SDKs\Windows Kits\10\ExtensionSDKs\Microsoft.NET.Native.Framework.1.3\1.3\x86\ret\ILToc\System.Private.Reflection.Execution.iltoc'))."
"Message",Low,"Pominięto zadanie „IlcErrorTask” z powodu fałszywego warunku; (!Exists('$(InputSharedAssemblyPath)\%(SharedLibraryContent.Identity)')) oszacowano jako (!Exists('C:\Program Files\Microsoft SDKs\Windows Kits\10\ExtensionSDKs\Microsoft.NET.Native.Framework.1.3\1.3\x86\ret\ILToc\System.Private.Reflection.Metadata.iltoc'))."
"Message",Low,"Pominięto zadanie „IlcErrorTask” z powodu fałszywego warunku; (!Exists('$(InputSharedAssemblyPath)\%(SharedLibraryContent.Identity)')) oszacowano jako (!Exists('C:\Program Files\Microsoft SDKs\Windows Kits\10\ExtensionSDKs\Microsoft.NET.Native.Framework.1.3\1.3\x86\ret\ILToc\System.Private.Threading.iltoc'))."
"Message",Low,"Pominięto zadanie „IlcErrorTask” z powodu fałszywego warunku; (!Exists('$(InputSharedAssemblyPath)\%(SharedLibraryContent.Identity)')) oszacowano jako (!Exists('C:\Program Files\Microsoft SDKs\Windows Kits\10\ExtensionSDKs\Microsoft.NET.Native.Framework.1.3\1.3\x86\ret\ILToc\System.Private.TypeLoader.iltoc'))."
"Message",Low,"Pominięto zadanie „IlcErrorTask” z powodu fałszywego warunku; (!Exists('$(InputSharedAssemblyPath)\%(SharedLibraryContent.Identity)')) oszacowano jako (!Exists('C:\Program Files\Microsoft SDKs\Windows Kits\10\ExtensionSDKs\Microsoft.NET.Native.Framework.1.3\1.3\x86\ret\ILToc\System.Private.Uri.iltoc'))."
"Message",Low,"Pominięto zadanie „IlcErrorTask” z powodu fałszywego warunku; (!Exists('$(InputSharedAssemblyPath)\%(SharedLibraryContent.Identity)')) oszacowano jako (!Exists('C:\Program Files\Microsoft SDKs\Windows Kits\10\ExtensionSDKs\Microsoft.NET.Native.Framework.1.3\1.3\x86\ret\ILToc\System.Reflection.Extensions.iltoc'))."
"Message",Low,"Pominięto zadanie „IlcErrorTask” z powodu fałszywego warunku; (!Exists('$(InputSharedAssemblyPath)\%(SharedLibraryContent.Identity)')) oszacowano jako (!Exists('C:\Program Files\Microsoft SDKs\Windows Kits\10\ExtensionSDKs\Microsoft.NET.Native.Framework.1.3\1.3\x86\ret\ILToc\System.Reflection.Primitives.iltoc'))."
"Message",Low,"Pominięto zadanie „IlcErrorTask” z powodu fałszywego warunku; (!Exists('$(InputSharedAssemblyPath)\%(SharedLibraryContent.Identity)')) oszacowano jako (!Exists('C:\Program Files\Microsoft SDKs\Windows Kits\10\ExtensionSDKs\Microsoft.NET.Native.Framework.1.3\1.3\x86\ret\ILToc\System.Reflection.TypeExtensions.iltoc'))."
"Message",Low,"Pominięto zadanie „IlcErrorTask” z powodu fałszywego warunku; (!Exists('$(InputSharedAssemblyPath)\%(SharedLibraryContent.Identity)')) oszacowano jako (!Exists('C:\Program Files\Microsoft SDKs\Windows Kits\10\ExtensionSDKs\Microsoft.NET.Native.Framework.1.3\1.3\x86\ret\ILToc\System.Resources.ResourceManager.iltoc'))."
"Message",Low,"Pominięto zadanie „IlcErrorTask” z powodu fałszywego warunku; (!Exists('$(InputSharedAssemblyPath)\%(SharedLibraryContent.Identity)')) oszacowano jako (!Exists('C:\Program Files\Microsoft SDKs\Windows Kits\10\ExtensionSDKs\Microsoft.NET.Native.Framework.1.3\1.3\x86\ret\ILToc\System.Runtime.Extensions.iltoc'))."
"Message",Low,"Pominięto zadanie „IlcErrorTask” z powodu fałszywego warunku; (!Exists('$(InputSharedAssemblyPath)\%(SharedLibraryContent.Identity)')) oszacowano jako (!Exists('C:\Program Files\Microsoft SDKs\Windows Kits\10\ExtensionSDKs\Microsoft.NET.Native.Framework.1.3\1.3\x86\ret\ILToc\System.Runtime.Implementation.iltoc'))."
"Message",Low,"Pominięto zadanie „IlcErrorTask” z powodu fałszywego warunku; (!Exists('$(InputSharedAssemblyPath)\%(SharedLibraryContent.Identity)')) oszacowano jako (!Exists('C:\Program Files\Microsoft SDKs\Windows Kits\10\ExtensionSDKs\Microsoft.NET.Native.Framework.1.3\1.3\x86\ret\ILToc\System.Text.RegularExpressions.iltoc'))."
"Message",Low,"Pominięto zadanie „IlcErrorTask” z powodu fałszywego warunku; (!Exists('$(InputSharedAssemblyPath)\%(SharedLibraryContent.Identity)')) oszacowano jako (!Exists('C:\Program Files\Microsoft SDKs\Windows Kits\10\ExtensionSDKs\Microsoft.NET.Native.Framework.1.3\1.3\x86\ret\ILToc\System.Private.SharedLibrary.Interop.Generated.iltoc'))."
"Message",Low,"Pominięto zadanie „IlcErrorTask” z powodu fałszywego warunku; (!Exists('$(InputSharedAssemblyPath)\%(SharedLibraryContent.Identity)')) oszacowano jako (!Exists('C:\Program Files\Microsoft SDKs\Windows Kits\10\ExtensionSDKs\Microsoft.NET.Native.Framework.1.3\1.3\x86\ret\ILToc\System.Collections.iltocpdb'))."
"Message",Low,"Pominięto zadanie „IlcErrorTask” z powodu fałszywego warunku; (!Exists('$(InputSharedAssemblyPath)\%(SharedLibraryContent.Identity)')) oszacowano jako (!Exists('C:\Program Files\Microsoft SDKs\Windows Kits\10\ExtensionSDKs\Microsoft.NET.Native.Framework.1.3\1.3\x86\ret\ILToc\System.Collections.Concurrent.iltocpdb'))."
"Message",Low,"Pominięto zadanie „IlcErrorTask” z powodu fałszywego warunku; (!Exists('$(InputSharedAssemblyPath)\%(SharedLibraryContent.Identity)')) oszacowano jako (!Exists('C:\Program Files\Microsoft SDKs\Windows Kits\10\ExtensionSDKs\Microsoft.NET.Native.Framework.1.3\1.3\x86\ret\ILToc\System.Diagnostics.Tracing.iltocpdb'))."
"Message",Low,"Pominięto zadanie „IlcErrorTask” z powodu fałszywego warunku; (!Exists('$(InputSharedAssemblyPath)\%(SharedLibraryContent.Identity)')) oszacowano jako (!Exists('C:\Program Files\Microsoft SDKs\Windows Kits\10\ExtensionSDKs\Microsoft.NET.Native.Framework.1.3\1.3\x86\ret\ILToc\System.Dynamic.Runtime.iltocpdb'))."
"Message",Low,"Pominięto zadanie „IlcErrorTask” z powodu fałszywego warunku; (!Exists('$(InputSharedAssemblyPath)\%(SharedLibraryContent.Identity)')) oszacowano jako (!Exists('C:\Program Files\Microsoft SDKs\Windows Kits\10\ExtensionSDKs\Microsoft.NET.Native.Framework.1.3\1.3\x86\ret\ILToc\System.IO.iltocpdb'))."
"Message",Low,"Pominięto zadanie „IlcErrorTask” z powodu fałszywego warunku; (!Exists('$(InputSharedAssemblyPath)\%(SharedLibraryContent.Identity)')) oszacowano jako (!Exists('C:\Program Files\Microsoft SDKs\Windows Kits\10\ExtensionSDKs\Microsoft.NET.Native.Framework.1.3\1.3\x86\ret\ILToc\System.Linq.iltocpdb'))."
"Message",Low,"Pominięto zadanie „IlcErrorTask” z powodu fałszywego warunku; (!Exists('$(InputSharedAssemblyPath)\%(SharedLibraryContent.Identity)')) oszacowano jako (!Exists('C:\Program Files\Microsoft SDKs\Windows Kits\10\ExtensionSDKs\Microsoft.NET.Native.Framework.1.3\1.3\x86\ret\ILToc\System.Linq.Expressions.iltocpdb'))."
"Message",Low,"Pominięto zadanie „IlcErrorTask” z powodu fałszywego warunku; (!Exists('$(InputSharedAssemblyPath)\%(SharedLibraryContent.Identity)')) oszacowano jako (!Exists('C:\Program Files\Microsoft SDKs\Windows Kits\10\ExtensionSDKs\Microsoft.NET.Native.Framework.1.3\1.3\x86\ret\ILToc\System.ObjectModel.iltocpdb'))."
"Message",Low,"Pominięto zadanie „IlcErrorTask” z powodu fałszywego warunku; (!Exists('$(InputSharedAssemblyPath)\%(SharedLibraryContent.Identity)')) oszacowano jako (!Exists('C:\Program Files\Microsoft SDKs\Windows Kits\10\ExtensionSDKs\Microsoft.NET.Native.Framework.1.3\1.3\x86\ret\ILToc\System.Private.CoreLib.iltocpdb'))."
"Message",Low,"Pominięto zadanie „IlcErrorTask” z powodu fałszywego warunku; (!Exists('$(InputSharedAssemblyPath)\%(SharedLibraryContent.Identity)')) oszacowano jako (!Exists('C:\Program Files\Microsoft SDKs\Windows Kits\10\ExtensionSDKs\Microsoft.NET.Native.Framework.1.3\1.3\x86\ret\ILToc\System.Private.Interop.iltocpdb'))."
"Message",Low,"Pominięto zadanie „IlcErrorTask” z powodu fałszywego warunku; (!Exists('$(InputSharedAssemblyPath)\%(SharedLibraryContent.Identity)')) oszacowano jako (!Exists('C:\Program Files\Microsoft SDKs\Windows Kits\10\ExtensionSDKs\Microsoft.NET.Native.Framework.1.3\1.3\x86\ret\ILToc\System.Private.Reflection.iltocpdb'))."
"Message",Low,"Pominięto zadanie „IlcErrorTask” z powodu fałszywego warunku; (!Exists('$(InputSharedAssemblyPath)\%(SharedLibraryContent.Identity)')) oszacowano jako (!Exists('C:\Program Files\Microsoft SDKs\Windows Kits\10\ExtensionSDKs\Microsoft.NET.Native.Framework.1.3\1.3\x86\ret\ILToc\System.Private.Reflection.Core.iltocpdb'))."
"Message",Low,"Pominięto zadanie „IlcErrorTask” z powodu fałszywego warunku; (!Exists('$(InputSharedAssemblyPath)\%(SharedLibraryContent.Identity)')) oszacowano jako (!Exists('C:\Program Files\Microsoft SDKs\Windows Kits\10\ExtensionSDKs\Microsoft.NET.Native.Framework.1.3\1.3\x86\ret\ILToc\System.Private.Reflection.Execution.iltocpdb'))."
"Message",Low,"Pominięto zadanie „IlcErrorTask” z powodu fałszywego warunku; (!Exists('$(InputSharedAssemblyPath)\%(SharedLibraryContent.Identity)')) oszacowano jako (!Exists('C:\Program Files\Microsoft SDKs\Windows Kits\10\ExtensionSDKs\Microsoft.NET.Native.Framework.1.3\1.3\x86\ret\ILToc\System.Private.Reflection.Metadata.iltocpdb'))."
"Message",Low,"Pominięto zadanie „IlcErrorTask” z powodu fałszywego warunku; (!Exists('$(InputSharedAssemblyPath)\%(SharedLibraryContent.Identity)')) oszacowano jako (!Exists('C:\Program Files\Microsoft SDKs\Windows Kits\10\ExtensionSDKs\Microsoft.NET.Native.Framework.1.3\1.3\x86\ret\ILToc\System.Private.Threading.iltocpdb'))."
"Message",Low,"Pominięto zadanie „IlcErrorTask” z powodu fałszywego warunku; (!Exists('$(InputSharedAssemblyPath)\%(SharedLibraryContent.Identity)')) oszacowano jako (!Exists('C:\Program Files\Microsoft SDKs\Windows Kits\10\ExtensionSDKs\Microsoft.NET.Native.Framework.1.3\1.3\x86\ret\ILToc\System.Private.TypeLoader.iltocpdb'))."
"Message",Low,"Pominięto zadanie „IlcErrorTask” z powodu fałszywego warunku; (!Exists('$(InputSharedAssemblyPath)\%(SharedLibraryContent.Identity)')) oszacowano jako (!Exists('C:\Program Files\Microsoft SDKs\Windows Kits\10\ExtensionSDKs\Microsoft.NET.Native.Framework.1.3\1.3\x86\ret\ILToc\System.Private.Uri.iltocpdb'))."
"Message",Low,"Pominięto zadanie „IlcErrorTask” z powodu fałszywego warunku; (!Exists('$(InputSharedAssemblyPath)\%(SharedLibraryContent.Identity)')) oszacowano jako (!Exists('C:\Program Files\Microsoft SDKs\Windows Kits\10\ExtensionSDKs\Microsoft.NET.Native.Framework.1.3\1.3\x86\ret\ILToc\System.Reflection.Extensions.iltocpdb'))."
"Message",Low,"Pominięto zadanie „IlcErrorTask” z powodu fałszywego warunku; (!Exists('$(InputSharedAssemblyPath)\%(SharedLibraryContent.Identity)')) oszacowano jako (!Exists('C:\Program Files\Microsoft SDKs\Windows Kits\10\ExtensionSDKs\Microsoft.NET.Native.Framework.1.3\1.3\x86\ret\ILToc\System.Reflection.Primitives.iltocpdb'))."
"Message",Low,"Pominięto zadanie „IlcErrorTask” z powodu fałszywego warunku; (!Exists('$(InputSharedAssemblyPath)\%(SharedLibraryContent.Identity)')) oszacowano jako (!Exists('C:\Program Files\Microsoft SDKs\Windows Kits\10\ExtensionSDKs\Microsoft.NET.Native.Framework.1.3\1.3\x86\ret\ILToc\System.Reflection.TypeExtensions.iltocpdb'))."
"Message",Low,"Pominięto zadanie „IlcErrorTask” z powodu fałszywego warunku; (!Exists('$(InputSharedAssemblyPath)\%(SharedLibraryContent.Identity)')) oszacowano jako (!Exists('C:\Program Files\Microsoft SDKs\Windows Kits\10\ExtensionSDKs\Microsoft.NET.Native.Framework.1.3\1.3\x86\ret\ILToc\System.Resources.ResourceManager.iltocpdb'))."
"Message",Low,"Pominięto zadanie „IlcErrorTask” z powodu fałszywego warunku; (!Exists('$(InputSharedAssemblyPath)\%(SharedLibraryContent.Identity)')) oszacowano jako (!Exists('C:\Program Files\Microsoft SDKs\Windows Kits\10\ExtensionSDKs\Microsoft.NET.Native.Framework.1.3\1.3\x86\ret\ILToc\System.Runtime.Extensions.iltocpdb'))."
"Message",Low,"Pominięto zadanie „IlcErrorTask” z powodu fałszywego warunku; (!Exists('$(InputSharedAssemblyPath)\%(SharedLibraryContent.Identity)')) oszacowano jako (!Exists('C:\Program Files\Microsoft SDKs\Windows Kits\10\ExtensionSDKs\Microsoft.NET.Native.Framework.1.3\1.3\x86\ret\ILToc\System.Runtime.Implementation.iltocpdb'))."
"Message",Low,"Pominięto zadanie „IlcErrorTask” z powodu fałszywego warunku; (!Exists('$(InputSharedAssemblyPath)\%(SharedLibraryContent.Identity)')) oszacowano jako (!Exists('C:\Program Files\Microsoft SDKs\Windows Kits\10\ExtensionSDKs\Microsoft.NET.Native.Framework.1.3\1.3\x86\ret\ILToc\System.Text.RegularExpressions.iltocpdb'))."
"Message",Low,"Pominięto zadanie „IlcErrorTask” z powodu fałszywego warunku; (!Exists('$(InputSharedAssemblyPath)\%(SharedLibraryContent.Identity)')) oszacowano jako (!Exists('C:\Program Files\Microsoft SDKs\Windows Kits\10\ExtensionSDKs\Microsoft.NET.Native.Framework.1.3\1.3\x86\ret\ILToc\System.Private.SharedLibrary.Interop.Generated.iltocpdb'))."
"Message",Low,"Pominięto zadanie „IlcErrorTask” z powodu fałszywego warunku; (!Exists('$(InputSharedAssemblyPath)\%(SharedLibraryContent.Identity)')) oszacowano jako (!Exists('C:\Program Files\Microsoft SDKs\Windows Kits\10\ExtensionSDKs\Microsoft.NET.Native.Framework.1.3\1.3\x86\ret\ILTransformed\System.Collections.ildll'))."
"Message",Low,"Pominięto zadanie „IlcErrorTask” z powodu fałszywego warunku; (!Exists('$(InputSharedAssemblyPath)\%(SharedLibraryContent.Identity)')) oszacowano jako (!Exists('C:\Program Files\Microsoft SDKs\Windows Kits\10\ExtensionSDKs\Microsoft.NET.Native.Framework.1.3\1.3\x86\ret\ILTransformed\System.Collections.Concurrent.ildll'))."
"Message",Low,"Pominięto zadanie „IlcErrorTask” z powodu fałszywego warunku; (!Exists('$(InputSharedAssemblyPath)\%(SharedLibraryContent.Identity)')) oszacowano jako (!Exists('C:\Program Files\Microsoft SDKs\Windows Kits\10\ExtensionSDKs\Microsoft.NET.Native.Framework.1.3\1.3\x86\ret\ILTransformed\System.Diagnostics.Tracing.ildll'))."
"Message",Low,"Pominięto zadanie „IlcErrorTask” z powodu fałszywego warunku; (!Exists('$(InputSharedAssemblyPath)\%(SharedLibraryContent.Identity)')) oszacowano jako (!Exists('C:\Program Files\Microsoft SDKs\Windows Kits\10\ExtensionSDKs\Microsoft.NET.Native.Framework.1.3\1.3\x86\ret\ILTransformed\System.Dynamic.Runtime.ildll'))."
"Message",Low,"Pominięto zadanie „IlcErrorTask” z powodu fałszywego warunku; (!Exists('$(InputSharedAssemblyPath)\%(SharedLibraryContent.Identity)')) oszacowano jako (!Exists('C:\Program Files\Microsoft SDKs\Windows Kits\10\ExtensionSDKs\Microsoft.NET.Native.Framework.1.3\1.3\x86\ret\ILTransformed\System.IO.ildll'))."
"Message",Low,"Pominięto zadanie „IlcErrorTask” z powodu fałszywego warunku; (!Exists('$(InputSharedAssemblyPath)\%(SharedLibraryContent.Identity)')) oszacowano jako (!Exists('C:\Program Files\Microsoft SDKs\Windows Kits\10\ExtensionSDKs\Microsoft.NET.Native.Framework.1.3\1.3\x86\ret\ILTransformed\System.Linq.ildll'))."
"Message",Low,"Pominięto zadanie „IlcErrorTask” z powodu fałszywego warunku; (!Exists('$(InputSharedAssemblyPath)\%(SharedLibraryContent.Identity)')) oszacowano jako (!Exists('C:\Program Files\Microsoft SDKs\Windows Kits\10\ExtensionSDKs\Microsoft.NET.Native.Framework.1.3\1.3\x86\ret\ILTransformed\System.Linq.Expressions.ildll'))."
"Message",Low,"Pominięto zadanie „IlcErrorTask” z powodu fałszywego warunku; (!Exists('$(InputSharedAssemblyPath)\%(SharedLibraryContent.Identity)')) oszacowano jako (!Exists('C:\Program Files\Microsoft SDKs\Windows Kits\10\ExtensionSDKs\Microsoft.NET.Native.Framework.1.3\1.3\x86\ret\ILTransformed\System.ObjectModel.ildll'))."
"Message",Low,"Pominięto zadanie „IlcErrorTask” z powodu fałszywego warunku; (!Exists('$(InputSharedAssemblyPath)\%(SharedLibraryContent.Identity)')) oszacowano jako (!Exists('C:\Program Files\Microsoft SDKs\Windows Kits\10\ExtensionSDKs\Microsoft.NET.Native.Framework.1.3\1.3\x86\ret\ILTransformed\System.Private.CoreLib.ildll'))."
"Message",Low,"Pominięto zadanie „IlcErrorTask” z powodu fałszywego warunku; (!Exists('$(InputSharedAssemblyPath)\%(SharedLibraryContent.Identity)')) oszacowano jako (!Exists('C:\Program Files\Microsoft SDKs\Windows Kits\10\ExtensionSDKs\Microsoft.NET.Native.Framework.1.3\1.3\x86\ret\ILTransformed\System.Private.Interop.ildll'))."
"Message",Low,"Pominięto zadanie „IlcErrorTask” z powodu fałszywego warunku; (!Exists('$(InputSharedAssemblyPath)\%(SharedLibraryContent.Identity)')) oszacowano jako (!Exists('C:\Program Files\Microsoft SDKs\Windows Kits\10\ExtensionSDKs\Microsoft.NET.Native.Framework.1.3\1.3\x86\ret\ILTransformed\System.Private.Reflection.ildll'))."
"Message",Low,"Pominięto zadanie „IlcErrorTask” z powodu fałszywego warunku; (!Exists('$(InputSharedAssemblyPath)\%(SharedLibraryContent.Identity)')) oszacowano jako (!Exists('C:\Program Files\Microsoft SDKs\Windows Kits\10\ExtensionSDKs\Microsoft.NET.Native.Framework.1.3\1.3\x86\ret\ILTransformed\System.Private.Reflection.Core.ildll'))."
"Message",Low,"Pominięto zadanie „IlcErrorTask” z powodu fałszywego warunku; (!Exists('$(InputSharedAssemblyPath)\%(SharedLibraryContent.Identity)')) oszacowano jako (!Exists('C:\Program Files\Microsoft SDKs\Windows Kits\10\ExtensionSDKs\Microsoft.NET.Native.Framework.1.3\1.3\x86\ret\ILTransformed\System.Private.Reflection.Execution.ildll'))."
"Message",Low,"Pominięto zadanie „IlcErrorTask” z powodu fałszywego warunku; (!Exists('$(InputSharedAssemblyPath)\%(SharedLibraryContent.Identity)')) oszacowano jako (!Exists('C:\Program Files\Microsoft SDKs\Windows Kits\10\ExtensionSDKs\Microsoft.NET.Native.Framework.1.3\1.3\x86\ret\ILTransformed\System.Private.Reflection.Metadata.ildll'))."
"Message",Low,"Pominięto zadanie „IlcErrorTask” z powodu fałszywego warunku; (!Exists('$(InputSharedAssemblyPath)\%(SharedLibraryContent.Identity)')) oszacowano jako (!Exists('C:\Program Files\Microsoft SDKs\Windows Kits\10\ExtensionSDKs\Microsoft.NET.Native.Framework.1.3\1.3\x86\ret\ILTransformed\System.Private.Threading.ildll'))."
"Message",Low,"Pominięto zadanie „IlcErrorTask” z powodu fałszywego warunku; (!Exists('$(InputSharedAssemblyPath)\%(SharedLibraryContent.Identity)')) oszacowano jako (!Exists('C:\Program Files\Microsoft SDKs\Windows Kits\10\ExtensionSDKs\Microsoft.NET.Native.Framework.1.3\1.3\x86\ret\ILTransformed\System.Private.TypeLoader.ildll'))."
"Message",Low,"Pominięto zadanie „IlcErrorTask” z powodu fałszywego warunku; (!Exists('$(InputSharedAssemblyPath)\%(SharedLibraryContent.Identity)')) oszacowano jako (!Exists('C:\Program Files\Microsoft SDKs\Windows Kits\10\ExtensionSDKs\Microsoft.NET.Native.Framework.1.3\1.3\x86\ret\ILTransformed\System.Private.Uri.ildll'))."
"Message",Low,"Pominięto zadanie „IlcErrorTask” z powodu fałszywego warunku; (!Exists('$(InputSharedAssemblyPath)\%(SharedLibraryContent.Identity)')) oszacowano jako (!Exists('C:\Program Files\Microsoft SDKs\Windows Kits\10\ExtensionSDKs\Microsoft.NET.Native.Framework.1.3\1.3\x86\ret\ILTransformed\System.Reflection.Extensions.ildll'))."
"Message",Low,"Pominięto zadanie „IlcErrorTask” z powodu fałszywego warunku; (!Exists('$(InputSharedAssemblyPath)\%(SharedLibraryContent.Identity)')) oszacowano jako (!Exists('C:\Program Files\Microsoft SDKs\Windows Kits\10\ExtensionSDKs\Microsoft.NET.Native.Framework.1.3\1.3\x86\ret\ILTransformed\System.Reflection.Primitives.ildll'))."
"Message",Low,"Pominięto zadanie „IlcErrorTask” z powodu fałszywego warunku; (!Exists('$(InputSharedAssemblyPath)\%(SharedLibraryContent.Identity)')) oszacowano jako (!Exists('C:\Program Files\Microsoft SDKs\Windows Kits\10\ExtensionSDKs\Microsoft.NET.Native.Framework.1.3\1.3\x86\ret\ILTransformed\System.Reflection.TypeExtensions.ildll'))."
"Message",Low,"Pominięto zadanie „IlcErrorTask” z powodu fałszywego warunku; (!Exists('$(InputSharedAssemblyPath)\%(SharedLibraryContent.Identity)')) oszacowano jako (!Exists('C:\Program Files\Microsoft SDKs\Windows Kits\10\ExtensionSDKs\Microsoft.NET.Native.Framework.1.3\1.3\x86\ret\ILTransformed\System.Resources.ResourceManager.ildll'))."
"Message",Low,"Pominięto zadanie „IlcErrorTask” z powodu fałszywego warunku; (!Exists('$(InputSharedAssemblyPath)\%(SharedLibraryContent.Identity)')) oszacowano jako (!Exists('C:\Program Files\Microsoft SDKs\Windows Kits\10\ExtensionSDKs\Microsoft.NET.Native.Framework.1.3\1.3\x86\ret\ILTransformed\System.Runtime.Extensions.ildll'))."
"Message",Low,"Pominięto zadanie „IlcErrorTask” z powodu fałszywego warunku; (!Exists('$(InputSharedAssemblyPath)\%(SharedLibraryContent.Identity)')) oszacowano jako (!Exists('C:\Program Files\Microsoft SDKs\Windows Kits\10\ExtensionSDKs\Microsoft.NET.Native.Framework.1.3\1.3\x86\ret\ILTransformed\System.Runtime.Implementation.ildll'))."
"Message",Low,"Pominięto zadanie „IlcErrorTask” z powodu fałszywego warunku; (!Exists('$(InputSharedAssemblyPath)\%(SharedLibraryContent.Identity)')) oszacowano jako (!Exists('C:\Program Files\Microsoft SDKs\Windows Kits\10\ExtensionSDKs\Microsoft.NET.Native.Framework.1.3\1.3\x86\ret\ILTransformed\System.Text.RegularExpressions.ildll'))."
"Message",Low,"Pominięto zadanie „IlcErrorTask” z powodu fałszywego warunku; (!Exists('$(InputSharedAssemblyPath)\%(SharedLibraryContent.Identity)')) oszacowano jako (!Exists('C:\Program Files\Microsoft SDKs\Windows Kits\10\ExtensionSDKs\Microsoft.NET.Native.Framework.1.3\1.3\x86\ret\ILTransformed\System.Private.SharedLibrary.Interop.Generated.ildll'))."
"Message",Low,"Pominięto zadanie „IlcErrorTask” z powodu fałszywego warunku; (!Exists('$(InputSharedAssemblyPath)\%(SharedLibraryContent.Identity)')) oszacowano jako (!Exists('C:\Program Files\Microsoft SDKs\Windows Kits\10\ExtensionSDKs\Microsoft.NET.Native.Framework.1.3\1.3\x86\ret\ILTransformed\System.Collections.ilpdb'))."
"Message",Low,"Pominięto zadanie „IlcErrorTask” z powodu fałszywego warunku; (!Exists('$(InputSharedAssemblyPath)\%(SharedLibraryContent.Identity)')) oszacowano jako (!Exists('C:\Program Files\Microsoft SDKs\Windows Kits\10\ExtensionSDKs\Microsoft.NET.Native.Framework.1.3\1.3\x86\ret\ILTransformed\System.Collections.Concurrent.ilpdb'))."
"Message",Low,"Pominięto zadanie „IlcErrorTask” z powodu fałszywego warunku; (!Exists('$(InputSharedAssemblyPath)\%(SharedLibraryContent.Identity)')) oszacowano jako (!Exists('C:\Program Files\Microsoft SDKs\Windows Kits\10\ExtensionSDKs\Microsoft.NET.Native.Framework.1.3\1.3\x86\ret\ILTransformed\System.Diagnostics.Tracing.ilpdb'))."
"Message",Low,"Pominięto zadanie „IlcErrorTask” z powodu fałszywego warunku; (!Exists('$(InputSharedAssemblyPath)\%(SharedLibraryContent.Identity)')) oszacowano jako (!Exists('C:\Program Files\Microsoft SDKs\Windows Kits\10\ExtensionSDKs\Microsoft.NET.Native.Framework.1.3\1.3\x86\ret\ILTransformed\System.Dynamic.Runtime.ilpdb'))."
"Message",Low,"Pominięto zadanie „IlcErrorTask” z powodu fałszywego warunku; (!Exists('$(InputSharedAssemblyPath)\%(SharedLibraryContent.Identity)')) oszacowano jako (!Exists('C:\Program Files\Microsoft SDKs\Windows Kits\10\ExtensionSDKs\Microsoft.NET.Native.Framework.1.3\1.3\x86\ret\ILTransformed\System.IO.ilpdb'))."
"Message",Low,"Pominięto zadanie „IlcErrorTask” z powodu fałszywego warunku; (!Exists('$(InputSharedAssemblyPath)\%(SharedLibraryContent.Identity)')) oszacowano jako (!Exists('C:\Program Files\Microsoft SDKs\Windows Kits\10\ExtensionSDKs\Microsoft.NET.Native.Framework.1.3\1.3\x86\ret\ILTransformed\System.Linq.ilpdb'))."
"Message",Low,"Pominięto zadanie „IlcErrorTask” z powodu fałszywego warunku; (!Exists('$(InputSharedAssemblyPath)\%(SharedLibraryContent.Identity)')) oszacowano jako (!Exists('C:\Program Files\Microsoft SDKs\Windows Kits\10\ExtensionSDKs\Microsoft.NET.Native.Framework.1.3\1.3\x86\ret\ILTransformed\System.Linq.Expressions.ilpdb'))."
"Message",Low,"Pominięto zadanie „IlcErrorTask” z powodu fałszywego warunku; (!Exists('$(InputSharedAssemblyPath)\%(SharedLibraryContent.Identity)')) oszacowano jako (!Exists('C:\Program Files\Microsoft SDKs\Windows Kits\10\ExtensionSDKs\Microsoft.NET.Native.Framework.1.3\1.3\x86\ret\ILTransformed\System.ObjectModel.ilpdb'))."
"Message",Low,"Pominięto zadanie „IlcErrorTask” z powodu fałszywego warunku; (!Exists('$(InputSharedAssemblyPath)\%(SharedLibraryContent.Identity)')) oszacowano jako (!Exists('C:\Program Files\Microsoft SDKs\Windows Kits\10\ExtensionSDKs\Microsoft.NET.Native.Framework.1.3\1.3\x86\ret\ILTransformed\System.Private.CoreLib.ilpdb'))."
"Message",Low,"Pominięto zadanie „IlcErrorTask” z powodu fałszywego warunku; (!Exists('$(InputSharedAssemblyPath)\%(SharedLibraryContent.Identity)')) oszacowano jako (!Exists('C:\Program Files\Microsoft SDKs\Windows Kits\10\ExtensionSDKs\Microsoft.NET.Native.Framework.1.3\1.3\x86\ret\ILTransformed\System.Private.Interop.ilpdb'))."
"Message",Low,"Pominięto zadanie „IlcErrorTask” z powodu fałszywego warunku; (!Exists('$(InputSharedAssemblyPath)\%(SharedLibraryContent.Identity)')) oszacowano jako (!Exists('C:\Program Files\Microsoft SDKs\Windows Kits\10\ExtensionSDKs\Microsoft.NET.Native.Framework.1.3\1.3\x86\ret\ILTransformed\System.Private.Reflection.ilpdb'))."
"Message",Low,"Pominięto zadanie „IlcErrorTask” z powodu fałszywego warunku; (!Exists('$(InputSharedAssemblyPath)\%(SharedLibraryContent.Identity)')) oszacowano jako (!Exists('C:\Program Files\Microsoft SDKs\Windows Kits\10\ExtensionSDKs\Microsoft.NET.Native.Framework.1.3\1.3\x86\ret\ILTransformed\System.Private.Reflection.Core.ilpdb'))."
"Message",Low,"Pominięto zadanie „IlcErrorTask” z powodu fałszywego warunku; (!Exists('$(InputSharedAssemblyPath)\%(SharedLibraryContent.Identity)')) oszacowano jako (!Exists('C:\Program Files\Microsoft SDKs\Windows Kits\10\ExtensionSDKs\Microsoft.NET.Native.Framework.1.3\1.3\x86\ret\ILTransformed\System.Private.Reflection.Execution.ilpdb'))."
"Message",Low,"Pominięto zadanie „IlcErrorTask” z powodu fałszywego warunku; (!Exists('$(InputSharedAssemblyPath)\%(SharedLibraryContent.Identity)')) oszacowano jako (!Exists('C:\Program Files\Microsoft SDKs\Windows Kits\10\ExtensionSDKs\Microsoft.NET.Native.Framework.1.3\1.3\x86\ret\ILTransformed\System.Private.Reflection.Metadata.ilpdb'))."
"Message",Low,"Pominięto zadanie „IlcErrorTask” z powodu fałszywego warunku; (!Exists('$(InputSharedAssemblyPath)\%(SharedLibraryContent.Identity)')) oszacowano jako (!Exists('C:\Program Files\Microsoft SDKs\Windows Kits\10\ExtensionSDKs\Microsoft.NET.Native.Framework.1.3\1.3\x86\ret\ILTransformed\System.Private.Threading.ilpdb'))."
"Message",Low,"Pominięto zadanie „IlcErrorTask” z powodu fałszywego warunku; (!Exists('$(InputSharedAssemblyPath)\%(SharedLibraryContent.Identity)')) oszacowano jako (!Exists('C:\Program Files\Microsoft SDKs\Windows Kits\10\ExtensionSDKs\Microsoft.NET.Native.Framework.1.3\1.3\x86\ret\ILTransformed\System.Private.TypeLoader.ilpdb'))."
"Message",Low,"Pominięto zadanie „IlcErrorTask” z powodu fałszywego warunku; (!Exists('$(InputSharedAssemblyPath)\%(SharedLibraryContent.Identity)')) oszacowano jako (!Exists('C:\Program Files\Microsoft SDKs\Windows Kits\10\ExtensionSDKs\Microsoft.NET.Native.Framework.1.3\1.3\x86\ret\ILTransformed\System.Private.Uri.ilpdb'))."
"Message",Low,"Pominięto zadanie „IlcErrorTask” z powodu fałszywego warunku; (!Exists('$(InputSharedAssemblyPath)\%(SharedLibraryContent.Identity)')) oszacowano jako (!Exists('C:\Program Files\Microsoft SDKs\Windows Kits\10\ExtensionSDKs\Microsoft.NET.Native.Framework.1.3\1.3\x86\ret\ILTransformed\System.Reflection.Extensions.ilpdb'))."
"Message",Low,"Pominięto zadanie „IlcErrorTask” z powodu fałszywego warunku; (!Exists('$(InputSharedAssemblyPath)\%(SharedLibraryContent.Identity)')) oszacowano jako (!Exists('C:\Program Files\Microsoft SDKs\Windows Kits\10\ExtensionSDKs\Microsoft.NET.Native.Framework.1.3\1.3\x86\ret\ILTransformed\System.Reflection.Primitives.ilpdb'))."
"Message",Low,"Pominięto zadanie „IlcErrorTask” z powodu fałszywego warunku; (!Exists('$(InputSharedAssemblyPath)\%(SharedLibraryContent.Identity)')) oszacowano jako (!Exists('C:\Program Files\Microsoft SDKs\Windows Kits\10\ExtensionSDKs\Microsoft.NET.Native.Framework.1.3\1.3\x86\ret\ILTransformed\System.Reflection.TypeExtensions.ilpdb'))."
"Message",Low,"Pominięto zadanie „IlcErrorTask” z powodu fałszywego warunku; (!Exists('$(InputSharedAssemblyPath)\%(SharedLibraryContent.Identity)')) oszacowano jako (!Exists('C:\Program Files\Microsoft SDKs\Windows Kits\10\ExtensionSDKs\Microsoft.NET.Native.Framework.1.3\1.3\x86\ret\ILTransformed\System.Resources.ResourceManager.ilpdb'))."
"Message",Low,"Pominięto zadanie „IlcErrorTask” z powodu fałszywego warunku; (!Exists('$(InputSharedAssemblyPath)\%(SharedLibraryContent.Identity)')) oszacowano jako (!Exists('C:\Program Files\Microsoft SDKs\Windows Kits\10\ExtensionSDKs\Microsoft.NET.Native.Framework.1.3\1.3\x86\ret\ILTransformed\System.Runtime.Extensions.ilpdb'))."
"Message",Low,"Pominięto zadanie „IlcErrorTask” z powodu fałszywego warunku; (!Exists('$(InputSharedAssemblyPath)\%(SharedLibraryContent.Identity)')) oszacowano jako (!Exists('C:\Program Files\Microsoft SDKs\Windows Kits\10\ExtensionSDKs\Microsoft.NET.Native.Framework.1.3\1.3\x86\ret\ILTransformed\System.Runtime.Implementation.ilpdb'))."
"Message",Low,"Pominięto zadanie „IlcErrorTask” z powodu fałszywego warunku; (!Exists('$(InputSharedAssemblyPath)\%(SharedLibraryContent.Identity)')) oszacowano jako (!Exists('C:\Program Files\Microsoft SDKs\Windows Kits\10\ExtensionSDKs\Microsoft.NET.Native.Framework.1.3\1.3\x86\ret\ILTransformed\System.Text.RegularExpressions.ilpdb'))."
"Message",Low,"Pominięto zadanie „IlcErrorTask” z powodu fałszywego warunku; (!Exists('$(InputSharedAssemblyPath)\%(SharedLibraryContent.Identity)')) oszacowano jako (!Exists('C:\Program Files\Microsoft SDKs\Windows Kits\10\ExtensionSDKs\Microsoft.NET.Native.Framework.1.3\1.3\x86\ret\ILTransformed\System.Private.SharedLibrary.Interop.Generated.ilpdb'))."
"Message",Low,"Pominięto zadanie „IlcErrorTask” z powodu fałszywego warunku; (!Exists('$(InputSharedAssemblyPath)\%(SharedLibraryContent.Identity)')) oszacowano jako (!Exists('C:\Program Files\Microsoft SDKs\Windows Kits\10\ExtensionSDKs\Microsoft.NET.Native.Framework.1.3\1.3\x86\ret\Toc\System.Collections.toc'))."
"Message",Low,"Pominięto zadanie „IlcErrorTask” z powodu fałszywego warunku; (!Exists('$(InputSharedAssemblyPath)\%(SharedLibraryContent.Identity)')) oszacowano jako (!Exists('C:\Program Files\Microsoft SDKs\Windows Kits\10\ExtensionSDKs\Microsoft.NET.Native.Framework.1.3\1.3\x86\ret\Toc\System.Collections.Concurrent.toc'))."
"Message",Low,"Pominięto zadanie „IlcErrorTask” z powodu fałszywego warunku; (!Exists('$(InputSharedAssemblyPath)\%(SharedLibraryContent.Identity)')) oszacowano jako (!Exists('C:\Program Files\Microsoft SDKs\Windows Kits\10\ExtensionSDKs\Microsoft.NET.Native.Framework.1.3\1.3\x86\ret\Toc\System.Diagnostics.Tracing.toc'))."
"Message",Low,"Pominięto zadanie „IlcErrorTask” z powodu fałszywego warunku; (!Exists('$(InputSharedAssemblyPath)\%(SharedLibraryContent.Identity)')) oszacowano jako (!Exists('C:\Program Files\Microsoft SDKs\Windows Kits\10\ExtensionSDKs\Microsoft.NET.Native.Framework.1.3\1.3\x86\ret\Toc\System.Dynamic.Runtime.toc'))."
"Message",Low,"Pominięto zadanie „IlcErrorTask” z powodu fałszywego warunku; (!Exists('$(InputSharedAssemblyPath)\%(SharedLibraryContent.Identity)')) oszacowano jako (!Exists('C:\Program Files\Microsoft SDKs\Windows Kits\10\ExtensionSDKs\Microsoft.NET.Native.Framework.1.3\1.3\x86\ret\Toc\System.IO.toc'))."
"Message",Low,"Pominięto zadanie „IlcErrorTask” z powodu fałszywego warunku; (!Exists('$(InputSharedAssemblyPath)\%(SharedLibraryContent.Identity)')) oszacowano jako (!Exists('C:\Program Files\Microsoft SDKs\Windows Kits\10\ExtensionSDKs\Microsoft.NET.Native.Framework.1.3\1.3\x86\ret\Toc\System.Linq.toc'))."
"Message",Low,"Pominięto zadanie „IlcErrorTask” z powodu fałszywego warunku; (!Exists('$(InputSharedAssemblyPath)\%(SharedLibraryContent.Identity)')) oszacowano jako (!Exists('C:\Program Files\Microsoft SDKs\Windows Kits\10\ExtensionSDKs\Microsoft.NET.Native.Framework.1.3\1.3\x86\ret\Toc\System.Linq.Expressions.toc'))."
"Message",Low,"Pominięto zadanie „IlcErrorTask” z powodu fałszywego warunku; (!Exists('$(InputSharedAssemblyPath)\%(SharedLibraryContent.Identity)')) oszacowano jako (!Exists('C:\Program Files\Microsoft SDKs\Windows Kits\10\ExtensionSDKs\Microsoft.NET.Native.Framework.1.3\1.3\x86\ret\Toc\System.ObjectModel.toc'))."
"Message",Low,"Pominięto zadanie „IlcErrorTask” z powodu fałszywego warunku; (!Exists('$(InputSharedAssemblyPath)\%(SharedLibraryContent.Identity)')) oszacowano jako (!Exists('C:\Program Files\Microsoft SDKs\Windows Kits\10\ExtensionSDKs\Microsoft.NET.Native.Framework.1.3\1.3\x86\ret\Toc\System.Private.CoreLib.toc'))."
"Message",Low,"Pominięto zadanie „IlcErrorTask” z powodu fałszywego warunku; (!Exists('$(InputSharedAssemblyPath)\%(SharedLibraryContent.Identity)')) oszacowano jako (!Exists('C:\Program Files\Microsoft SDKs\Windows Kits\10\ExtensionSDKs\Microsoft.NET.Native.Framework.1.3\1.3\x86\ret\Toc\System.Private.Interop.toc'))."
"Message",Low,"Pominięto zadanie „IlcErrorTask” z powodu fałszywego warunku; (!Exists('$(InputSharedAssemblyPath)\%(SharedLibraryContent.Identity)')) oszacowano jako (!Exists('C:\Program Files\Microsoft SDKs\Windows Kits\10\ExtensionSDKs\Microsoft.NET.Native.Framework.1.3\1.3\x86\ret\Toc\System.Private.Reflection.toc'))."
"Message",Low,"Pominięto zadanie „IlcErrorTask” z powodu fałszywego warunku; (!Exists('$(InputSharedAssemblyPath)\%(SharedLibraryContent.Identity)')) oszacowano jako (!Exists('C:\Program Files\Microsoft SDKs\Windows Kits\10\ExtensionSDKs\Microsoft.NET.Native.Framework.1.3\1.3\x86\ret\Toc\System.Private.Reflection.Core.toc'))."
"Message",Low,"Pominięto zadanie „IlcErrorTask” z powodu fałszywego warunku; (!Exists('$(InputSharedAssemblyPath)\%(SharedLibraryContent.Identity)')) oszacowano jako (!Exists('C:\Program Files\Microsoft SDKs\Windows Kits\10\ExtensionSDKs\Microsoft.NET.Native.Framework.1.3\1.3\x86\ret\Toc\System.Private.Reflection.Execution.toc'))."
"Message",Low,"Pominięto zadanie „IlcErrorTask” z powodu fałszywego warunku; (!Exists('$(InputSharedAssemblyPath)\%(SharedLibraryContent.Identity)')) oszacowano jako (!Exists('C:\Program Files\Microsoft SDKs\Windows Kits\10\ExtensionSDKs\Microsoft.NET.Native.Framework.1.3\1.3\x86\ret\Toc\System.Private.Reflection.Metadata.toc'))."
"Message",Low,"Pominięto zadanie „IlcErrorTask” z powodu fałszywego warunku; (!Exists('$(InputSharedAssemblyPath)\%(SharedLibraryContent.Identity)')) oszacowano jako (!Exists('C:\Program Files\Microsoft SDKs\Windows Kits\10\ExtensionSDKs\Microsoft.NET.Native.Framework.1.3\1.3\x86\ret\Toc\System.Private.Threading.toc'))."
"Message",Low,"Pominięto zadanie „IlcErrorTask” z powodu fałszywego warunku; (!Exists('$(InputSharedAssemblyPath)\%(SharedLibraryContent.Identity)')) oszacowano jako (!Exists('C:\Program Files\Microsoft SDKs\Windows Kits\10\ExtensionSDKs\Microsoft.NET.Native.Framework.1.3\1.3\x86\ret\Toc\System.Private.TypeLoader.toc'))."
"Message",Low,"Pominięto zadanie „IlcErrorTask” z powodu fałszywego warunku; (!Exists('$(InputSharedAssemblyPath)\%(SharedLibraryContent.Identity)')) oszacowano jako (!Exists('C:\Program Files\Microsoft SDKs\Windows Kits\10\ExtensionSDKs\Microsoft.NET.Native.Framework.1.3\1.3\x86\ret\Toc\System.Private.Uri.toc'))."
"Message",Low,"Pominięto zadanie „IlcErrorTask” z powodu fałszywego warunku; (!Exists('$(InputSharedAssemblyPath)\%(SharedLibraryContent.Identity)')) oszacowano jako (!Exists('C:\Program Files\Microsoft SDKs\Windows Kits\10\ExtensionSDKs\Microsoft.NET.Native.Framework.1.3\1.3\x86\ret\Toc\System.Reflection.Extensions.toc'))."
"Message",Low,"Pominięto zadanie „IlcErrorTask” z powodu fałszywego warunku; (!Exists('$(InputSharedAssemblyPath)\%(SharedLibraryContent.Identity)')) oszacowano jako (!Exists('C:\Program Files\Microsoft SDKs\Windows Kits\10\ExtensionSDKs\Microsoft.NET.Native.Framework.1.3\1.3\x86\ret\Toc\System.Reflection.Primitives.toc'))."
"Message",Low,"Pominięto zadanie „IlcErrorTask” z powodu fałszywego warunku; (!Exists('$(InputSharedAssemblyPath)\%(SharedLibraryContent.Identity)')) oszacowano jako (!Exists('C:\Program Files\Microsoft SDKs\Windows Kits\10\ExtensionSDKs\Microsoft.NET.Native.Framework.1.3\1.3\x86\ret\Toc\System.Reflection.TypeExtensions.toc'))."
"Message",Low,"Pominięto zadanie „IlcErrorTask” z powodu fałszywego warunku; (!Exists('$(InputSharedAssemblyPath)\%(SharedLibraryContent.Identity)')) oszacowano jako (!Exists('C:\Program Files\Microsoft SDKs\Windows Kits\10\ExtensionSDKs\Microsoft.NET.Native.Framework.1.3\1.3\x86\ret\Toc\System.Resources.ResourceManager.toc'))."
"Message",Low,"Pominięto zadanie „IlcErrorTask” z powodu fałszywego warunku; (!Exists('$(InputSharedAssemblyPath)\%(SharedLibraryContent.Identity)')) oszacowano jako (!Exists('C:\Program Files\Microsoft SDKs\Windows Kits\10\ExtensionSDKs\Microsoft.NET.Native.Framework.1.3\1.3\x86\ret\Toc\System.Runtime.Extensions.toc'))."
"Message",Low,"Pominięto zadanie „IlcErrorTask” z powodu fałszywego warunku; (!Exists('$(InputSharedAssemblyPath)\%(SharedLibraryContent.Identity)')) oszacowano jako (!Exists('C:\Program Files\Microsoft SDKs\Windows Kits\10\ExtensionSDKs\Microsoft.NET.Native.Framework.1.3\1.3\x86\ret\Toc\System.Runtime.Implementation.toc'))."
"Message",Low,"Pominięto zadanie „IlcErrorTask” z powodu fałszywego warunku; (!Exists('$(InputSharedAssemblyPath)\%(SharedLibraryContent.Identity)')) oszacowano jako (!Exists('C:\Program Files\Microsoft SDKs\Windows Kits\10\ExtensionSDKs\Microsoft.NET.Native.Framework.1.3\1.3\x86\ret\Toc\System.Text.RegularExpressions.toc'))."
"Message",Low,"Pominięto zadanie „IlcErrorTask” z powodu fałszywego warunku; (!Exists('$(InputSharedAssemblyPath)\%(SharedLibraryContent.Identity)')) oszacowano jako (!Exists('C:\Program Files\Microsoft SDKs\Windows Kits\10\ExtensionSDKs\Microsoft.NET.Native.Framework.1.3\1.3\x86\ret\Toc\System.Private.SharedLibrary.Interop.Generated.toc'))."
"Message",Low,"Pominięto zadanie „IlcErrorTask” z powodu fałszywego warunku; (!Exists('$(InputSharedAssemblyPath)\%(SharedLibraryContent.Identity)')) oszacowano jako (!Exists('C:\Program Files\Microsoft SDKs\Windows Kits\10\ExtensionSDKs\Microsoft.NET.Native.Framework.1.3\1.3\x86\ret\MDIL\SharedLibrary.mdildll'))."
"Message",Low,"Wykonano kompilowanie elementu docelowego „SetForSharedInputs” w projekcie „Unnamed_1”."
"Message",Low,"Pominięto element docelowy „SetForBuildSharedAssemblies” z powodu fałszywego warunku; ('$(BuildSharedAssemblies)' == 'true') oszacowano jako ('false' == 'true')."
"Message",Low,"Element docelowy „ResolveInitialReferences” w pliku „C:\Program Files\MSBuild\Microsoft\.NetNative\x86\ilc\IlcInternals.targets” z projektu „C:\Users\bartl_000\Documents\GitHub\STC\Unnamed_1” (zależy od niego element docelowy „RunILTransforms”):"
"Message",Low,"Zadanie „ResolveFilePathTask”"
"Message",Low,"Wykonywanie zadania „ResolveFilePathTask” zakończone."
"Message",Low,"Pominięto zadanie „IlcErrorTask” z powodu fałszywego warunku; ('@(UnresolvedInitialAssemblyClosureRoots)' != '') oszacowano jako ('' != '')."
"Message",Low,"Zadanie „ResolveFilePathTask”"
"Message",Low,"Wykonywanie zadania „ResolveFilePathTask” zakończone."
"Message",Low,"Pominięto zadanie „IlcErrorTask” z powodu fałszywego warunku; ('@(UnresolvedManagedDllFilesErrorParameters)'!='') oszacowano jako (''!='')."
"Message",Low,"Zadanie „Message”"
"Message",Normal,"Running AssemblyClosureTask in ResolveInitialReferences (1)"
"Message",Low,"Wykonywanie zadania „Message” zakończone."
"Message",Low,"Zadanie „AssemblyClosureTask”"
"Message",Low,"Wykonywanie zadania „AssemblyClosureTask” zakończone."
"Message",Low,"Zadanie „Message”"
"Message",Normal,"Running AssemblyClosureTask in ResolveInitialReferences (2)"
"Message",Low,"Wykonywanie zadania „Message” zakończone."
"Message",Low,"Zadanie „AssemblyClosureTask”"
"Message",Low,"Wykonywanie zadania „AssemblyClosureTask” zakończone."
"Message",Low,"Używanie zadania „RemoveDuplicates” z zestawu „Microsoft.Build.Tasks.v4.0, Version=4.0.0.0, Culture=neutral, PublicKeyToken=b03f5f7f11d50a3a”."
"Message",Low,"Zadanie „RemoveDuplicates”"
"Message",Low,"Wykonywanie zadania „RemoveDuplicates” zakończone."
"Message",Low,"Wykonano kompilowanie elementu docelowego „ResolveInitialReferences” w projekcie „Unnamed_1”."
"Message",Low,"Element docelowy „RunILTransforms” w pliku „C:\Program Files\MSBuild\Microsoft\.NetNative\x86\ilc\IlcInternals.targets” z projektu „C:\Users\bartl_000\Documents\GitHub\STC\Unnamed_1” (zależy od niego element docelowy „MDILPrepareMultiFile”):"
"Message",Low,"Ukończono kompilowanie elementu docelowego „RunILTransforms”."
"Message",Low,"Plik wyjściowy „C:\Users\bartl_000\Documents\GitHub\STC\obj\x86\Release\ilc\intermediate\ILTransformed\STC.ilexe” nie istnieje."
"Message",Low,"Zadanie „IlcMessageTask”"
"Message",High,"Processing application code"
"Message",Low,"Wykonywanie zadania „IlcMessageTask” zakończone."
"Message",Low,"Używanie zadania „ValidateSimpleNamesTask” z zestawu „C:\Program Files\MSBuild\Microsoft\.NetNative\x86\ilc\ilc.exe”."
"Message",Low,"Zadanie „ValidateSimpleNamesTask”"
"Message",Low,"Wykonywanie zadania „ValidateSimpleNamesTask” zakończone."
"Message",Low,"Zadanie „MakeDir”"
"Message",Normal,"Tworzenie katalogu „C:\Users\bartl_000\Documents\GitHub\STC\obj\x86\Release\ilc\intermediate\ILTransformed\”."
"Message",Low,"Wykonywanie zadania „MakeDir” zakończone."
"Message",Low,"Pominięto zadanie „MakeDir” z powodu fałszywego warunku; ('$(BuildSharedAssemblies)' == 'true') oszacowano jako ('false' == 'true')."
"Message",Low,"Pominięto zadanie „MakeDir” z powodu fałszywego warunku; ('$(BuildSharedAssemblies)' == 'true') oszacowano jako ('false' == 'true')."
"Message",Low,"Pominięto zadanie „IlcErrorTask” z powodu fałszywego warunku; ('$(PlatformTarget)'=='') oszacowano jako ('x86'=='')."
"Message",Low,"Zadanie „ResolveFilePathTask”"
"Message",Low,"Wykonywanie zadania „ResolveFilePathTask” zakończone."
"Message",Low,"Pominięto zadanie „IlcErrorTask” z powodu fałszywego warunku; ('@(UnresolvedMcgSourceContractsReferencesErrorParameters)'!='') oszacowano jako (''!='')."
"Message",Low,"Zadanie „ResolveFilePathTask”"
"Message",Low,"Wykonywanie zadania „ResolveFilePathTask” zakończone."
"Message",Low,"Pominięto zadanie „IlcErrorTask” z powodu fałszywego warunku; ('@(UnresolvedMcgSourceFacadeErrorParameters)'!='') oszacowano jako (''!='')."
"Message",Low,"Zadanie „ResolveFilePathTask”"
"Message",Low,"Wykonywanie zadania „ResolveFilePathTask” zakończone."
"Message",Low,"Pominięto zadanie „IlcErrorTask” z powodu fałszywego warunku; ('@(UnresolvedFinalAssemblyClosureRoots)' != '') oszacowano jako ('' != '')."
"Message",Low,"Zadanie „ResolveFilePathTask”"
"Message",Low,"Wykonywanie zadania „ResolveFilePathTask” zakończone."
"Message",Low,"Pominięto zadanie „IlcErrorTask” z powodu fałszywego warunku; ('@(UnresolvedManagedDllFilesErrorParameters)'!='') oszacowano jako (''!='')."
"Message",Low,"Zadanie „Message”"
"Message",Normal,"Running AssemblyClosureTask in RunILTransforms"
"Message",Low,"Wykonywanie zadania „Message” zakończone."
"Message",Low,"Zadanie „AssemblyClosureTask”"
"Message",Low,"Wykonywanie zadania „AssemblyClosureTask” zakończone."
"Message",Low,"Pominięto zadanie „ResolveFilePathTask” z powodu fałszywego warunku; ('$(UseSharedAssemblies)' != 'true') oszacowano jako ('true' != 'true')."
"Message",Low,"Pominięto zadanie „IlcErrorTask” z powodu fałszywego warunku; ('@(UnresolvedCoreAssemblyErrorParameters)'!='') oszacowano jako (''!='')."
"Message",Low,"Zadanie „RemoveDuplicates”"
"Message",Low,"Wykonywanie zadania „RemoveDuplicates” zakończone."
"Message",Low,"Pominięto zadanie „AddToNativePackageTask” z powodu fałszywego warunku; ('@(NeedsClrCompression)' != '') oszacowano jako ('' != '')."
"Message",Low,"Zadanie „MakeDir”"
"Message",Normal,"Tworzenie katalogu „C:\Users\bartl_000\Documents\GitHub\STC\obj\x86\Release\ilc\intermediate\SgGenerated”."
"Message",Low,"Wykonywanie zadania „MakeDir” zakończone."
"Message",Low,"Zadanie „WriteLinesToFile”"
"Message",Low,"Wykonywanie zadania „WriteLinesToFile” zakończone."
"Message",Low,"Zadanie „MakeDir”"
"Message",Normal,"Tworzenie katalogu „C:\Users\bartl_000\Documents\GitHub\STC\obj\x86\Release\ilc\intermediate\ResW\”."
"Message",Low,"Wykonywanie zadania „MakeDir” zakończone."
"Message",Low,"Pominięto zadanie „IlcWarningTask” z powodu fałszywego warunku; ('$(BuildSharedAssemblies)' != 'true' and '@(ReducerInputFiles)' == '') oszacowano jako ('false' != 'true' and 'C:\Users\bartl_000\Documents\GitHub\STC\obj\x86\Release\ilc\in\Properties\Default.rd.xml' == '')."
"Message",Low,"Zadanie „ILTransformTask”"
"Message",Normal,"Running 'Analysis' transform, heap at 33 MB."
"Message",Low,"Loading 110 modules..."
